times,spread_mean,spread_median
0000,0.0014991695205479438,0.00041000000000046555
0001,0.0014963613013698584,0.00041000000000046555
0002,0.001507243150684908,0.00043000000000059657
0003,0.0015064726027397052,0.00042000000000008697
0004,0.001505659246575334,0.0004299999999997084
0005,0.0015051883561643983,0.00042000000000008697
0006,0.0015039982876712387,0.00042000000000008697
0007,0.001505102739726037,0.00042000000000008697
0008,0.001503527397260261,0.00042000000000008697
0009,0.0015009845890410836,0.00042000000000008697
0010,0.0015055308219177942,0.00042000000000008697
0011,0.001502945205479433,0.0004199999999996429
0012,0.0015000085616438336,0.00042000000000008697
0013,0.0014956506849315002,0.00042000000000008697
0014,0.0014939897260274131,0.0004299999999997084
0015,0.001496566780821916,0.00042000000000008697
0016,0.0014910616438356047,0.00042000000000008697
0017,0.0014897174657534228,0.0004299999999997084
0018,0.0014886301369862905,0.0004199999999991988
0019,0.0014840154109588962,0.00042000000000008697
0020,0.0014819948630136965,0.0004199999999996429
0021,0.001477619863013694,0.00042000000000008697
0022,0.0014832191780821842,0.0004299999999997084
0023,0.001482148972602731,0.0004249999999998977
0024,0.0014762157534246505,0.00042000000000008697
0025,0.0014764726027397322,0.00042000000000008697
0026,0.0014744092465753453,0.00042000000000008697
0027,0.001480539383561636,0.00042000000000008697
0028,0.001476857876712337,0.0004299999999997084
0029,0.0014791010273972635,0.00042000000000008697
0030,0.0014783133561643701,0.00042000000000008697
0031,0.0014760188356164312,0.00042000000000008697
0032,0.001477953767123294,0.0004299999999997084
0033,0.0014763184931506817,0.00042000000000008697
0034,0.0014762842465753504,0.00042000000000008697
0035,0.001475839041095897,0.0004299999999997084
0036,0.0014712414383561579,0.00042000000000008697
0037,0.0014705308219178036,0.00042000000000008697
0038,0.0014760445205479302,0.0004299999999997084
0039,0.0014738527397260186,0.0004249999999998977
0040,0.001472962328767127,0.00042000000000008697
0041,0.0014777054794520537,0.00042000000000008697
0042,0.0014738527397260201,0.00042000000000008697
0043,0.0014767636986301328,0.0004249999999998977
0044,0.0014750342465753422,0.0004299999999997084
0045,0.0014778938356164461,0.0004299999999997084
0046,0.001478270547945192,0.0004249999999998977
0047,0.0014775428082191642,0.00042000000000008697
0048,0.0014763441780821845,0.00042000000000008697
0049,0.0014780051369862868,0.0004299999999997084
0050,0.0014739041095890525,0.0004299999999997084
0051,0.0014704280821917664,0.00042000000000008697
0052,0.0014726369863013683,0.0004299999999997084
0053,0.0014719691780821806,0.0004299999999997084
0054,0.0014708740359897039,0.00043000000000059657
0055,0.0014727506426735137,0.0004299999999997084
0056,0.0014687756849315063,0.0004299999999997084
0057,0.0014675684931506844,0.0004249999999998977
0058,0.0014656164383561633,0.00042000000000008697
0059,0.0014664640410958967,0.00042000000000008697
0100,0.0015057759336099589,0.0004500000000007276
0101,0.0015053609958506089,0.0004499999999998394
0102,0.0015071203319502204,0.0004499999999998394
0103,0.0015067053941908571,0.00045999999999946084
0104,0.0015090041493775908,0.0004499999999998394
0105,0.0015106804979253014,0.0004499999999998394
0106,0.0015107800829875374,0.0004499999999998394
0107,0.0015096099585062326,0.00045999999999946084
0108,0.0015092116182572467,0.00045999999999946084
0109,0.0015133858921161918,0.0004500000000007276
0110,0.0015146224066390028,0.00045999999999946084
0111,0.0015102655601659794,0.0004499999999998394
0112,0.0015107053941908768,0.0004499999999998394
0113,0.0015129734219268979,0.00045999999999946084
0114,0.001511868770764124,0.000440000000000218
0115,0.0015138589211618112,0.0004499999999998394
0116,0.0015186970954356662,0.00045999999999946084
0117,0.0015150207468879783,0.0004499999999998394
0118,0.0015175166112956753,0.0004550000000000942
0119,0.0015176099585062141,0.0004499999999998394
0120,0.001514257261410778,0.00045999999999946084
0121,0.0015114190871369226,0.0004499999999998394
0122,0.0015109709543568402,0.0004499999999998394
0123,0.0015094854771784253,0.00045999999999946084
0124,0.001513900414937755,0.0004499999999998394
0125,0.0015135352697095384,0.0004499999999998394
0126,0.0015102076411960149,0.0004499999999998394
0127,0.0015097176079734245,0.0004499999999998394
0128,0.0015130788381742602,0.0004499999999998394
0129,0.0015084481327800876,0.0004499999999998394
0130,0.0015113029045643195,0.00045999999999946084
0131,0.0015119834024896225,0.000460000000000349
0132,0.0015153156146179402,0.0004500000000002835
0133,0.0015098172757475063,0.0004500000000007276
0134,0.0015132225913621295,0.0004499999999998394
0135,0.00151271369294607,0.0004499999999998394
0136,0.0015198172757475128,0.0004550000000000942
0137,0.0015194601328903613,0.0004550000000000942
0138,0.0015220829875518442,0.00046999999999997044
0139,0.001520879668049782,0.000460000000000349
0140,0.0015176265560165906,0.00046999999999997044
0141,0.0015202074688796681,0.000460000000000349
0142,0.0015191188694929283,0.000460000000000349
0143,0.0015198672199170048,0.0004499999999998394
0144,0.0015183720930232478,0.00045999999999946084
0145,0.0015141362126245683,0.0004499999999998394
0146,0.0015181561461793786,0.000460000000000349
0147,0.0015192365145228275,0.000460000000000349
0148,0.0015210373443983304,0.000460000000000349
0149,0.0015192358803986703,0.0004550000000000942
0150,0.0015168381742738687,0.000460000000000349
0151,0.001523920265780729,0.000460000000000349
0152,0.001519203319502065,0.0004499999999998394
0153,0.0015216029900332103,0.000460000000000349
0154,0.0015208139534883757,0.0004499999999998394
0155,0.0015223983402489721,0.000460000000000349
0156,0.0015245892116182427,0.000460000000000349
0157,0.0015258803986711073,0.000460000000000349
0158,0.001521078838174272,0.00045999999999946084
0159,0.0015769792531120364,0.00048000000000048004
0200,0.0015809649871904332,0.00048000000000048004
0201,0.0015781810418445718,0.0004900000000001015
0202,0.001579504696840292,0.0004900000000001015
0203,0.0015758753202391148,0.00047999999999959186
0204,0.0015731511528608072,0.0004900000000001015
0205,0.0015725448334756665,0.0004900000000001015
0206,0.0015725619128949648,0.0004900000000001015
0207,0.0015674466268146962,0.00047999999999959186
0208,0.0015653800170794274,0.00047999999999959186
0209,0.0015618701964133202,0.00047999999999959186
0210,0.0015657643040136457,0.0004900000000001015
0211,0.0015647309991460275,0.00047999999999959186
0212,0.0015645004269854957,0.00047999999999959186
0213,0.0015665414175917941,0.00047999999999959186
0214,0.0015648249359521689,0.00046999999999997044
0215,0.0015683091374893135,0.00047999999999959186
0216,0.0015656276686592697,0.00046999999999997044
0217,0.0015722117847992924,0.00048000000000048004
0218,0.0015709735269000796,0.0004900000000001015
0219,0.001562211784799306,0.00046999999999997044
0220,0.0015648420153714755,0.00048000000000048004
0221,0.0015606831767719753,0.00047999999999959186
0222,0.001563017094017092,0.00047999999999959186
0223,0.0015613151152860777,0.000460000000000349
0224,0.001563162393162381,0.00046999999999997044
0225,0.0015664071856287462,0.00046999999999997044
0226,0.0015648847139197164,0.00046999999999997044
0227,0.0015657643040136685,0.000460000000000349
0228,0.0015654056362083676,0.00047999999999959186
0229,0.0015641673783091262,0.00046999999999997044
0230,0.001568326216908618,0.00046999999999997044
0231,0.001571443210930829,0.00046999999999997044
0232,0.0015774466268146908,0.00047999999999959186
0233,0.0015740649017933286,0.00048000000000048004
0234,0.0015716140051238367,0.0004900000000001015
0235,0.0015728693424423552,0.00046999999999997044
0236,0.0015835781383433064,0.00047999999999959186
0237,0.0015733902647310036,0.00046999999999997044
0238,0.0015781468830059842,0.00048000000000048004
0239,0.001580802732707078,0.00047999999999959186
0240,0.0015767805294620131,0.00047999999999959186
0241,0.001577412467976088,0.00047999999999959186
0242,0.0015781298035866865,0.00046999999999997044
0243,0.0015802564102564106,0.0004900000000001015
0244,0.001581229718189572,0.0004900000000001015
0245,0.0015799743808710429,0.00047999999999959186
0246,0.00158021349274125,0.0004899999999992133
0247,0.001580649017933393,0.00047999999999959186
0248,0.0015800256191289524,0.00048000000000048004
0249,0.00158356959863365,0.0004900000000001015
0250,0.0015847309991460152,0.0004900000000001015
0251,0.0015774551665243208,0.00047999999999959186
0252,0.0015781895815542221,0.0004700000000008586
0253,0.001581545687446635,0.00047999999999959186
0254,0.0015775149444918857,0.00046999999999997044
0255,0.0015811623931623988,0.00046999999999997044
0256,0.001577301451750638,0.00048000000000048004
0257,0.0015759607173356095,0.00048000000000048004
0258,0.0015795644748078388,0.0004899999999992133
0259,0.001595456874466255,0.0004999999999997229
0300,0.0015438257261410856,0.0004900000000001015
0301,0.0015448298755186675,0.0004900000000001015
0302,0.0015425892116182702,0.0004900000000001015
0303,0.0015449169435216065,0.0004900000000001015
0304,0.0015414937759336165,0.0004900000000001015
0305,0.0015443153526970843,0.0004900000000001015
0306,0.00154342738589211,0.00048000000000048004
0307,0.0015497261410788278,0.0004999999999997229
0308,0.0015515850622406541,0.0004900000000001015
0309,0.0015553073089701077,0.00047999999999959186
0310,0.0015498920265780624,0.0004900000000001015
0311,0.0015542157676348427,0.0004899999999992133
0312,0.0015507385892116101,0.00048000000000048004
0313,0.001549136929460567,0.0004999999999997229
0314,0.0015474439834024848,0.0004900000000001015
0315,0.001542821576763478,0.0004999999999997229
0316,0.0015389543568464792,0.0004900000000001015
0317,0.0015375269709543581,0.0004900000000001015
0318,0.0015334771784232364,0.00048000000000048004
0319,0.0015343983402489718,0.0004900000000001015
0320,0.001525834024896248,0.0004900000000001015
0321,0.0015309460580912794,0.00048000000000048004
0322,0.0015359253112033062,0.0004900000000001015
0323,0.0015289294605809035,0.00048000000000048004
0324,0.001524082987551854,0.00047999999999959186
0325,0.0015227883817427303,0.0004900000000001015
0326,0.0015223983402489639,0.00048000000000048004
0327,0.0015179668049792503,0.00046999999999997044
0328,0.0015212863070539293,0.00048000000000048004
0329,0.0015234937759336117,0.00048000000000048004
0330,0.0015325643153526864,0.0004999999999997229
0331,0.0015315269709543354,0.0005099999999993443
0332,0.0015311535269709499,0.0005000000000006111
0333,0.0015268936877076366,0.0004999999999997229
0334,0.0015324438902743049,0.0004999999999997229
0335,0.0015339834024896183,0.0005000000000006111
0336,0.0015345477178423175,0.0004999999999997229
0337,0.0015308547717842445,0.0004999999999997229
0338,0.0015342691029900262,0.0005000000000006111
0339,0.0015360548172757356,0.0004999999999997229
0340,0.0015396929460580783,0.0005100000000002325
0341,0.0015406970954356882,0.0005100000000002325
0342,0.001542373443983401,0.0004999999999997229
0343,0.0015444647302904559,0.0005099999999993443
0344,0.00153979253112033,0.0005000000000006111
0345,0.0015406141078838057,0.0005199999999998539
0346,0.0015446141078838084,0.0005100000000002325
0347,0.0015403651452282252,0.0005100000000002325
0348,0.0015449709543568393,0.0005100000000002325
0349,0.001543933609958498,0.0005100000000002325
0350,0.0015458091286307167,0.0005099999999993443
0351,0.0015508962655601762,0.0005000000000006111
0352,0.001554854771784221,0.0005100000000002325
0353,0.0015525560165974947,0.0005300000000003635
0354,0.0015516597510373473,0.0005199999999998539
0355,0.0015520414937759256,0.0005200000000007421
0356,0.0015552946058091383,0.0005299999999994753
0357,0.0015535850622406587,0.0005299999999994753
0358,0.0015552199170124415,0.0005199999999998539
0359,0.0015690788381742592,0.0005499999999996064
0400,0.0016342808510638176,0.0005999999999994898
0401,0.0016230042553191345,0.000580000000000247
0402,0.0016311999999999768,0.0005999999999994898
0403,0.0016274978723404253,0.0005899999999998684
0404,0.001636578723404244,0.000580000000000247
0405,0.0016380510638297752,0.000600000000000378
0406,0.0016383659574467921,0.0005900000000007566
0407,0.0016450809889172926,0.0005999999999994898
0408,0.0016468255319148767,0.000600000000000378
0409,0.0016412340425531959,0.000600000000000378
0410,0.0016497531914893481,0.000620000000000509
0411,0.0016485677749360553,0.0006099999999999994
0412,0.0016519522591645246,0.0006099999999999994
0413,0.0016558006814309928,0.0006199999999996209
0414,0.001655795744680844,0.0006300000000001305
0415,0.0016694974446337229,0.0006399999999997519
0416,0.0016632708688245276,0.0006399999999997519
0417,0.001671906382978721,0.0006500000000002615
0418,0.001669999999999997,0.0006400000000006401
0419,0.001670340425531902,0.0006400000000006401
0420,0.0016735349233390183,0.0006699999999999484
0421,0.0016770017035775112,0.0006500000000002615
0422,0.0016733560477001782,0.0006599999999998829
0423,0.0016697361702127684,0.0006599999999998829
0424,0.001677943686006828,0.0006599999999998829
0425,0.001680775788576284,0.0006599999999998829
0426,0.0016815771526001678,0.0006499999999993733
0427,0.0016794027303754266,0.0006500000000002615
0428,0.0016773191489361631,0.0006599999999998829
0429,0.0016872425531914844,0.0006899999999996353
0430,0.0017228851063829714,0.000740000000000407
0431,0.001735651063829763,0.0007700000000001594
0432,0.0017424701873935248,0.0007700000000001594
0433,0.001747436115843283,0.0007899999999994023
0434,0.0017450895140664825,0.0007900000000002905
0435,0.0017569965870307164,0.0008299999999996643
0436,0.001755868824531518,0.0008200000000000429
0437,0.0017621928327644953,0.0008499999999997954
0438,0.0017708098891730682,0.0008500000000006835
0439,0.001779001706484635,0.000860000000000305
0440,0.0017940699658703062,0.0008900000000000574
0441,0.0018043441226575912,0.0008799999999999919
0442,0.0018053407155025408,0.0009049999999999336
0443,0.001813716965046889,0.0008899999999991692
0444,0.0018270357751277624,0.0009199999999998099
0445,0.0018462127659574406,0.0009499999999995623
0446,0.0018691645353793552,0.000980000000000203
0447,0.0018805631399317314,0.000980000000000203
0448,0.001893506382978722,0.0010199999999995768
0449,0.0018926535836177338,0.0010099999999999554
0450,0.0019340851063829757,0.0010699999999994603
0451,0.001959761702127654,0.001140000000000363
0452,0.0019704255319148724,0.0011499999999999844
0453,0.001997206132879031,0.001234999999999875
0454,0.0019840851063829775,0.0012100000000003774
0455,0.0020321276595744626,0.0012699999999998823
0456,0.0020772851063829622,0.0013399999999998968
0457,0.002101320272572396,0.0013649999999998386
0458,0.002264178723404246,0.0016400000000000858
0459,0.003024787052810893,0.0030399999999994876
0500,0.0030471864406779615,0.003155000000000463
0501,0.003062201365187712,0.0032199999999997786
0502,0.0030899232736572983,0.0032600000000000406
0503,0.00307395051194539,0.0032399999999999096
0504,0.0033958340318524724,0.003289999999999793
0505,0.003261454849498323,0.002969999999999917
0506,0.003328525963149075,0.003150000000000208
0507,0.0033375314861460916,0.0031600000000002737
0508,0.003351628883291338,0.0031799999999995165
0509,0.0033577983193277252,0.0031850000000002154
0510,0.0033153768844221073,0.002955000000000041
0511,0.003308320738874895,0.0029799999999999827
0512,0.0032954606365159017,0.00301499999999999
0513,0.0033271356783919335,0.003049999999999997
0514,0.003344283319362951,0.0030599999999996186
0515,0.003349138075313798,0.0031399999999992545
0516,0.003331585570469783,0.0030599999999996186
0517,0.0033535882352940948,0.003210000000000157
0518,0.0033418723761544623,0.0031200000000000117
0519,0.003369278523489925,0.0031650000000000844
0520,0.0033617099748532863,0.0030999999999998806
0521,0.0033583053691274966,0.0030850000000000044
0522,0.003355472175379431,0.003109999999999946
0523,0.003388775167785229,0.003135000000000332
0524,0.0033774201680672133,0.0031650000000000844
0525,0.003389422110552754,0.0032600000000000406
0526,0.003379924686192459,0.0032399999999999096
0527,0.0033723031825795705,0.0032399999999999096
0528,0.003393227424749174,0.00325500000000023
0529,0.0033858661087866203,0.003230000000000288
0530,0.0032493901420217086,0.002930000000000099
0531,0.003302274247491644,0.0030399999999994876
0532,0.0033354187604690074,0.0030399999999994876
0533,0.003343227158424132,0.0030399999999994876
0534,0.003326320201173518,0.0030399999999994876
0535,0.0033456365159128996,0.0030399999999994876
0536,0.0033356187290969896,0.0029799999999999827
0537,0.0033231323283081904,0.0029849999999997934
0538,0.003344233025984907,0.003029999999999866
0539,0.0033418791946308794,0.0029599999999998516
0540,0.003324594142259425,0.00295000000000023
0541,0.0033283808724832104,0.0029799999999999827
0542,0.003364055415617131,0.0030200000000002447
0543,0.003375239294710336,0.0030399999999994876
0544,0.0033567057837384723,0.0029900000000004923
0545,0.003336395641240566,0.0030200000000002447
0546,0.0033630478589420677,0.0030399999999994876
0547,0.0033631380753138002,0.0030300000000007543
0548,0.00339651299245599,0.0030599999999996186
0549,0.003391889168765746,0.003090000000000259
0550,0.0034213389121338844,0.003149999999999764
0551,0.003443637123745813,0.0031999999999996476
0552,0.0034458577405857517,0.0031999999999996476
0553,0.0034792546063651553,0.0032399999999999096
0554,0.003501959798994979,0.0032450000000006085
0555,0.0035014536340852156,0.0032500000000004192
0556,0.003541371237458196,0.003270000000000106
0557,0.0035374498327759023,0.0032500000000004192
0558,0.0036215275459098475,0.003350000000000186
0559,0.003954296545914068,0.00387000000000004
0600,0.0037492367736340114,0.0036199999999997345
0601,0.003748885987815503,0.0035999999999996035
0602,0.0037567188859878252,0.003610000000000113
0603,0.003752665505226474,0.003635000000000055
0604,0.003948543103448278,0.003689999999999749
0605,0.0038520395869191064,0.003610000000000113
0606,0.0038536819360414773,0.003610000000000113
0607,0.0038401207937877467,0.0035600000000002296
0608,0.0038909137931034464,0.0036000000000000476
0609,0.0038705867126833443,0.00354999999999972
0610,0.003829742046431647,0.0035600000000002296
0611,0.003806549053356267,0.0035199999999999676
0612,0.0037702411714039506,0.0034799999999997056
0613,0.003750111972437552,0.003449999999999953
0614,0.0037564969801553005,0.00338999999999956
0615,0.003688992248061997,0.003350000000000186
0616,0.0037016293103448246,0.003354999999999997
0617,0.0036852717860224255,0.0033200000000004337
0618,0.0037231007751937855,0.003330000000000055
0619,0.0036810344827586136,0.003294999999999604
0620,0.0036444943820224582,0.003289999999999793
0621,0.0036448748921484022,0.0032800000000001717
0622,0.0036252890422778152,0.003249999999999531
0623,0.003629835924006909,0.003274999999999917
0624,0.003604222797927463,0.0032450000000001644
0625,0.0036506351931330423,0.0032600000000000406
0626,0.003606506437768238,0.003169999999999895
0627,0.003577701543739275,0.003155000000000019
0628,0.0035727491408934697,0.0031500000000006523
0629,0.003571408934707903,0.003134999999999888
0630,0.0034813230240549795,0.003090000000000259
0631,0.0034961835334476775,0.0030800000000001937
0632,0.0034832560137456957,0.003049999999999997
0633,0.003453524871355054,0.003114999999999757
0634,0.0034648409286328428,0.0030600000000005068
0635,0.003451285347043709,0.003029999999999866
0636,0.0034388831615120253,0.003029999999999866
0637,0.0034344682675814748,0.0030249999999996113
0638,0.0034186437768240255,0.003029999999999866
0639,0.0034051759656652217,0.0030000000000001137
0640,0.003414037639007672,0.0030200000000002447
0641,0.003399846022241226,0.0029599999999998516
0642,0.0034027311643835536,0.002955000000000041
0643,0.003394970059880222,0.0029199999999995896
0644,0.0033977587681779204,0.0029599999999998516
0645,0.003340547476475596,0.002889999999999837
0646,0.0033876475620187975,0.002930000000000099
0647,0.003390111111111095,0.002955000000000041
0648,0.0033886997433703967,0.0029700000000003612
0649,0.0033805902480752758,0.002969999999999473
0650,0.0033998034188034015,0.002994999999999859
0651,0.0033868835616438437,0.0029799999999999827
0652,0.0034122241231822137,0.0030000000000001137
0653,0.0034300342172797218,0.0029999999999992255
0654,0.0034290248075277904,0.0030399999999994876
0655,0.003418063410454143,0.0030199999999993565
0656,0.0034091002570694117,0.003009999999999735
0657,0.003405599315068481,0.003029999999999866
0658,0.0034752694610778534,0.003090000000000259
0659,0.0035097519247219815,0.0031600000000002737
0700,0.0032239285714285716,0.0028000000000001357
0701,0.0032349086378737546,0.002769999999999939
0702,0.0032151162790697648,0.002794999999999881
0703,0.0032269933554817,0.0027600000000003178
0704,0.0031952906976744134,0.0026999999999999247
0705,0.0031677639235245195,0.002709999999999546
0706,0.0031397508305648003,0.002660000000000551
0707,0.0031351993355481526,0.0026300000000003543
0708,0.0031415116279069713,0.002594999999999903
0709,0.0031535993349958327,0.0025800000000000267
0710,0.0030539285714285733,0.0025649999999997064
0711,0.003026611295681047,0.0025400000000002088
0712,0.0030179634247713854,0.0025399999999997647
0713,0.002988686616791342,0.002449999999999619
0714,0.0029724335548172616,0.00246999999999975
0715,0.002956852159468416,0.0024300000000003763
0716,0.0029699168744804698,0.0024500000000005073
0717,0.0029437489609310022,0.0024600000000001288
0718,0.002938096425602663,0.0024399999999999977
0719,0.0029284788029925145,0.0024199999999998667
0720,0.00292226556016597,0.0024199999999998667
0721,0.002871615320566183,0.002380000000000493
0722,0.0028914713216957604,0.0023699999999999832
0723,0.002855926849542805,0.0023799999999996047
0724,0.002845558333333308,0.0024100000000002453
0725,0.0028077204658901707,0.0023650000000001725
0726,0.0028299999999999974,0.002360000000000362
0727,0.002817268942547873,0.0022999999999999687
0728,0.002835083333333311,0.0023599999999994736
0729,0.002800739202657805,0.0022900000000003473
0730,0.002806392352452199,0.002349999999999852
0731,0.002795965058236271,0.0022999999999999687
0732,0.002760108063175395,0.0022999999999999687
0733,0.002720889443058996,0.0022299999999999542
0734,0.0027081765195670266,0.002200000000000202
0735,0.0027022508305647643,0.002195000000000391
0736,0.002678926788685513,0.0021450000000000635
0737,0.0026594518272425173,0.002140000000000697
0738,0.002645244813278014,0.002140000000000697
0739,0.002643732335827088,0.0020899999999999253
0740,0.002612371048252907,0.0021049999999998015
0741,0.002578894430590195,0.0019999999999997797
0742,0.0025602743142144548,0.0019999999999997797
0743,0.002551831806827647,0.0019599999999995177
0744,0.002536691604322515,0.0019200000000001438
0745,0.002476852159468439,0.0018200000000003769
0746,0.0024241230257688933,0.0018000000000002458
0747,0.00241796342477139,0.0017700000000004934
0748,0.0023987104825291053,0.0017399999999998528
0749,0.0023974356846472853,0.0017300000000002314
0750,0.0023733443983402444,0.0016699999999998383
0751,0.002362416943521592,0.0016350000000002751
0752,0.002319850622406645,0.0015599999999995617
0753,0.002269542809642545,0.0015100000000005664
0754,0.002264966777408639,0.0015499999999999403
0755,0.0022331421446384054,0.0014900000000004354
0756,0.0022185797342192627,0.0015000000000000568
0757,0.0022164534883720895,0.0014900000000004354
0758,0.0022178239202657792,0.0014900000000004354
0759,0.0022139036544850305,0.0014900000000004354
0800,0.001994963680387411,0.0012100000000003774
0801,0.0019688458434221033,0.0011899999999993582
0802,0.0019429943502824903,0.0011300000000007415
0803,0.0019496448748991021,0.0011300000000007415
0804,0.0019136238902340448,0.0010599999999998388
0805,0.0018963438256658495,0.0010500000000002174
0806,0.0018675302663438231,0.0010399999999997078
0807,0.0018753833736884513,0.0010099999999999554
0808,0.0018508878127522163,0.000980000000000203
0809,0.0018247457627118652,0.0009400000000008291
0810,0.0018144794188861837,0.0009300000000003195
0811,0.001815383373688459,0.0009199999999998099
0812,0.0017921791767554329,0.0008999999999996788
0813,0.0017924293785310475,0.0009199999999998099
0814,0.0017954802259887003,0.0009100000000001884
0815,0.0017813236481032978,0.0008699999999999264
0816,0.0017730185633575357,0.0008599999999994168
0817,0.0017597659402744039,0.000860000000000305
0818,0.001757481840193699,0.0008599999999994168
0819,0.0017548991121872411,0.0008400000000001739
0820,0.0017429862792574507,0.0007999999999999119
0821,0.001734955609362397,0.0008100000000004215
0822,0.0017275625504438981,0.0008099999999995333
0823,0.0017206698950766614,0.0007999999999999119
0824,0.001720242130750604,0.0007999999999999119
0825,0.0017130912025827292,0.0007799999999997809
0826,0.0016993866020984705,0.000760000000000538
0827,0.0017209362389023237,0.0007999999999999119
0828,0.0017199919224555767,0.0007999999999999119
0829,0.0017292574656981444,0.0008099999999995333
0830,0.001728127522195325,0.0007900000000002905
0831,0.001715722356739305,0.000760000000000538
0832,0.0017018240516545535,0.0007299999999998974
0833,0.001693163841807904,0.0007299999999998974
0834,0.0016958918482647312,0.000740000000000407
0835,0.0016770863599677066,0.000720000000000276
0836,0.0016665698143664299,0.000700000000000145
0837,0.0016585633575464187,0.0006999999999992568
0838,0.001669531880548816,0.0006900000000005235
0839,0.001661444713478609,0.000700000000000145
0840,0.001658708635996775,0.0006800000000000139
0841,0.0016448345439870808,0.0006599999999998829
0842,0.001645052461662626,0.0006600000000007711
0843,0.0016405649717514087,0.0006599999999998829
0844,0.0016356416464891083,0.0006600000000007711
0845,0.001623188054882975,0.0006300000000001305
0846,0.001621630347054073,0.0006300000000001305
0847,0.001618208232445513,0.0006399999999997519
0848,0.0016219612590798998,0.0006399999999997519
0849,0.0016111057304277635,0.0006199999999996209
0850,0.0016130024213074992,0.0006300000000001305
0851,0.001624987893462468,0.0006399999999997519
0852,0.0016125907990314743,0.0006300000000001305
0853,0.0016099192897497906,0.0006099999999999994
0854,0.0016046849757673646,0.0006300000000001305
0855,0.001625956416464874,0.0006400000000006401
0856,0.0016172397094430912,0.000620000000000509
0857,0.00160927360774818,0.0006099999999999994
0858,0.0016033252623083014,0.0006199999999996209
0859,0.001605520581113794,0.0006199999999996209
0900,0.0015820846905537336,0.0005699999999997374
0901,0.0015801628664495148,0.0005699999999997374
0902,0.0015712459283387626,0.000560000000000116
0903,0.001564079804560253,0.0005500000000004945
0904,0.0015627361563517821,0.000560000000000116
0905,0.0015545195439739348,0.0005500000000004945
0906,0.0015504967426709978,0.0005399999999999849
0907,0.0015527524429967423,0.0005499999999996064
0908,0.0015550895765472233,0.0005399999999999849
0909,0.001549087947882721,0.000540000000000429
0910,0.0015520195439739223,0.0005350000000001742
0911,0.001548257328990222,0.0005300000000003635
0912,0.0015923208469055333,0.0006050000000001887
0913,0.001601498371335499,0.0006099999999999994
0914,0.0016963762214983653,0.0007899999999994023
0915,0.0016546009771986785,0.0006800000000000139
0916,0.0016145846905537395,0.0006299999999992423
0917,0.001604527687296418,0.000600000000000378
0918,0.001591522801302946,0.000580000000000247
0919,0.0015853990228012816,0.0005700000000006256
0920,0.0015580130293159594,0.0005399999999999849
0921,0.0015293241042345297,0.0004999999999997229
0922,0.0015297638436482118,0.0004900000000001015
0923,0.0015253908794788285,0.0004999999999997229
0924,0.001525708469055368,0.0004900000000001015
0925,0.0015226465798045547,0.0004999999999997229
0926,0.0015192345276872912,0.0004900000000001015
0927,0.001531815960912053,0.0004900000000001015
0928,0.001530301302931585,0.0005000000000006111
0929,0.001546457654723124,0.0005350000000001742
0930,0.0015350244299674276,0.0005049999999999777
0931,0.0015276384364820781,0.0004999999999997229
0932,0.0015283957654723041,0.0004900000000001015
0933,0.001528346905537457,0.0004999999999997229
0934,0.0015290472312703468,0.0004900000000001015
0935,0.0015217345276872965,0.0004900000000001015
0936,0.001523021172638429,0.00047999999999959186
0937,0.0015121986970683932,0.0004899999999992133
0938,0.001515285016286649,0.00048000000000048004
0939,0.0015071742671009586,0.00046999999999997044
0940,0.0015075407166123735,0.00047499999999978115
0941,0.0015058224755700295,0.00048000000000003595
0942,0.0015122475570032627,0.00048000000000048004
0943,0.001516555374592823,0.0004900000000001015
0944,0.0015127361563518074,0.0004900000000001015
0945,0.001508485342019545,0.00048000000000048004
0946,0.0015070195439739278,0.00048000000000048004
0947,0.0015041123778501762,0.00046500000000015973
0948,0.0015006188925081377,0.00046999999999997044
0949,0.0014997475570032528,0.000460000000000349
0950,0.0014981514657980474,0.00046999999999997044
0951,0.0014946742671009723,0.000460000000000349
0952,0.001488102605863183,0.0004500000000007276
0953,0.0014893648208468971,0.00045999999999946084
0954,0.00148489413680782,0.000460000000000349
0955,0.001490008143322471,0.000460000000000349
0956,0.0014839413680781803,0.00045999999999946084
0957,0.0014879315960911932,0.00045999999999946084
0958,0.0014878908794788233,0.0004550000000000942
0959,0.0014976628664495027,0.00046999999999997044
1000,0.0015269568892645729,0.00045999999999946084
1001,0.001522434488588323,0.0004499999999998394
1002,0.001523584108199506,0.0004499999999998394
1003,0.0015200000000000016,0.000440000000000218
1004,0.001519788672865598,0.000440000000000218
1005,0.0015168892645815535,0.000440000000000218
1006,0.0015232882502113215,0.0004499999999998394
1007,0.0015181910397295045,0.00043000000000059657
1008,0.0015222147083685572,0.000440000000000218
1009,0.0015120963651732693,0.00043000000000059657
1010,0.001509551986475053,0.0004299999999997084
1011,0.00151174133558749,0.000440000000000218
1012,0.0015120710059171583,0.0004399999999993298
1013,0.0015144716821639973,0.0004399999999993298
1014,0.001514142011834317,0.0004299999999997084
1015,0.0015092983939137934,0.0004299999999997084
1016,0.0015150295857988111,0.0004299999999997084
1017,0.0015154945054945059,0.0004299999999997084
1018,0.0015147506339813971,0.00043000000000059657
1019,0.0015120710059171516,0.0004399999999993298
1020,0.0015128909551986398,0.00043000000000059657
1021,0.0015155790363482523,0.0004299999999997084
1022,0.0015180135249365976,0.0004299999999997084
1023,0.001514268808114956,0.0004399999999993298
1024,0.001515841081994919,0.00043000000000059657
1025,0.001516289095519874,0.0004299999999997084
1026,0.0015157819103972844,0.0004399999999993298
1027,0.0015118512256973601,0.0004299999999997084
1028,0.001518199492814879,0.00042000000000008697
1029,0.0015243026204564637,0.0004299999999997084
1030,0.0015211242603550286,0.00042000000000008697
1031,0.0015245393068470017,0.00042000000000008697
1032,0.0015288503803888472,0.00043000000000059657
1033,0.0015271174978867125,0.0004299999999997084
1034,0.001522349957734558,0.00042000000000008697
1035,0.0015173034657649917,0.0004299999999997084
1036,0.0015268131868131835,0.0004299999999997084
1037,0.0015261453930684597,0.0004399999999993298
1038,0.0015227895181741257,0.0004299999999997084
1039,0.0015290278951817255,0.00043000000000059657
1040,0.0015208030431107323,0.00043000000000059657
1041,0.0015161200338123437,0.0004299999999997084
1042,0.001527278106508882,0.0004399999999993298
1043,0.0015232459847844362,0.0004399999999993298
1044,0.0015201014370244937,0.0004299999999997084
1045,0.0015183009298393839,0.0004299999999997084
1046,0.0015166018596787876,0.00043000000000059657
1047,0.0015185038038884138,0.0004299999999997084
1048,0.0015172950126796127,0.0004299999999997084
1049,0.0015136686390532564,0.00042000000000008697
1050,0.0015142603550295736,0.0004299999999997084
1051,0.001517616229923927,0.00042000000000008697
1052,0.0015200591715976122,0.0004299999999997084
1053,0.0015176669484361753,0.0004299999999997084
1054,0.0015129332206255106,0.0004399999999993298
1055,0.0015160270498731944,0.00042000000000008697
1056,0.0015150549450549484,0.00042000000000008697
1057,0.00151415046491969,0.00041000000000046555
1058,0.0015157227387996527,0.00042000000000008697
1059,0.0015136686390532406,0.0004299999999997084
1100,0.0014850041288191399,0.00042000000000008697
1101,0.0014909744013212078,0.0004299999999997084
1102,0.0014889182493806827,0.0004299999999997084
1103,0.0014925681255160811,0.0004299999999997084
1104,0.0014978282411230305,0.00042000000000008697
1105,0.0014976052848885116,0.0004299999999997084
1106,0.0014878612716762896,0.0004299999999997084
1107,0.001491552436003305,0.0004299999999997084
1108,0.0014894137076796,0.00042000000000008697
1109,0.0014884475639966982,0.00042000000000008697
1110,0.0014850536746490554,0.00042000000000008697
1111,0.0014885962014863669,0.0004299999999997084
1112,0.0014884971098265796,0.00043000000000059657
1113,0.0014840957886044477,0.00042000000000008697
1114,0.0014906275805119554,0.00043000000000059657
1115,0.001487886044591232,0.0004299999999997084
1116,0.0014864822460776198,0.00042000000000008697
1117,0.0014856482246077638,0.00042000000000008697
1118,0.0014852105697770407,0.00042000000000008697
1119,0.0014831461601981814,0.0004299999999997084
1120,0.0014846077621800144,0.0004299999999997084
1121,0.0014861684558216323,0.0004299999999997084
1122,0.0014844921552435754,0.00042000000000008697
1123,0.0014833030553261623,0.0004299999999997084
1124,0.0014846738232865296,0.0004299999999997084
1125,0.0014777374071015643,0.00042000000000008697
1126,0.001480181668042938,0.00042000000000008697
1127,0.0014805945499587016,0.0004299999999997084
1128,0.00148060280759703,0.0004299999999997084
1129,0.001481973575557389,0.0004299999999997084
1130,0.0014803220478942995,0.00042000000000008697
1131,0.0014773988439306432,0.00042000000000008697
1132,0.0014792568125516258,0.00042000000000008697
1133,0.0014776796036333605,0.00042000000000008697
1134,0.001482171758876958,0.00042000000000008697
1135,0.0014810404624277494,0.00042000000000008697
1136,0.001478802642444246,0.0004299999999997084
1137,0.00148067712634185,0.0004299999999997084
1138,0.0014771098265895955,0.00042000000000008697
1139,0.0014785466556564756,0.00042000000000008697
1140,0.0014775144508670478,0.00042000000000008697
1141,0.0014798183319570538,0.00042000000000008697
1142,0.0014788191577208946,0.00042000000000008697
1143,0.001480834021469853,0.00042000000000008697
1144,0.0014780842279108093,0.00042000000000008697
1145,0.0014874566473988453,0.00042000000000008697
1146,0.0014853674649050364,0.00042000000000008697
1147,0.001483534269199008,0.00042000000000008697
1148,0.0014802559867877828,0.0004299999999997084
1149,0.0014821552436003248,0.00042000000000008697
1150,0.0014853344343517699,0.00042000000000008697
1151,0.0014831296449215315,0.00042000000000008697
1152,0.0014839719240297311,0.00042000000000008697
1153,0.001481197357555739,0.0004299999999997084
1154,0.001482072667217175,0.0004299999999997084
1155,0.0014818414533443426,0.00042000000000008697
1156,0.0014817341040462284,0.00042000000000008697
1157,0.0014816019818331906,0.00042000000000008697
1158,0.001478290668868683,0.00042000000000008697
1159,0.0014826341866226178,0.00042000000000008697
1200,0.001510068376068372,0.00042000000000008697
1201,0.0015104273504273503,0.00042000000000008697
1202,0.0015116324786324739,0.00042000000000008697
1203,0.0015099999999999849,0.0004199999999991988
1204,0.0015157777777777695,0.00042000000000008697
1205,0.0015115384615384453,0.00042000000000008697
1206,0.0015128205128205109,0.00042000000000008697
1207,0.0015141709401709244,0.0004299999999997084
1208,0.001512606837606827,0.0004299999999997084
1209,0.0015124615384615396,0.00042000000000008697
1210,0.0015111709401709416,0.00042000000000008697
1211,0.001513581196581201,0.00042000000000008697
1212,0.0015147094017093838,0.00042000000000008697
1213,0.0015106666666666628,0.0004199999999991988
1214,0.0015121623931623775,0.00042000000000008697
1215,0.0015106495726495694,0.0004249999999998977
1216,0.0015065982905982768,0.00042000000000008697
1217,0.0015092991452991188,0.00042000000000008697
1218,0.0015102307692307576,0.00042000000000008697
1219,0.00151144444444444,0.0004299999999997084
1220,0.0015113504273504227,0.00042000000000008697
1221,0.0015094273504273465,0.00042000000000008697
1222,0.0015092905982906032,0.00042000000000008697
1223,0.0015136666666666638,0.00042000000000008697
1224,0.0015117777777777766,0.00042000000000008697
1225,0.0015113846153846017,0.0004199999999991988
1226,0.0015097435897435836,0.00042000000000008697
1227,0.0015118888888888836,0.00042000000000008697
1228,0.001511777777777769,0.00042000000000008697
1229,0.0015112136752136575,0.00042000000000008697
1230,0.0015076581196581044,0.00042000000000008697
1231,0.0015057521367521421,0.00042000000000008697
1232,0.0015070256410256474,0.00042000000000008697
1233,0.0015093589743589585,0.0004299999999997084
1234,0.0015061538461538348,0.00042000000000008697
1235,0.0015066581196581264,0.0004249999999998977
1236,0.0015070170940171016,0.00042000000000008697
1237,0.001504623931623922,0.0004299999999997084
1238,0.0015060769230769162,0.00042000000000008697
1239,0.0015054957264957248,0.0004299999999997084
1240,0.0015044017094017097,0.00042000000000008697
1241,0.0015038119658119665,0.00042000000000008697
1242,0.001504820512820511,0.00042000000000008697
1243,0.0015051196581196684,0.00042000000000008697
1244,0.0015040769230769205,0.00042000000000008697
1245,0.0015073418803418642,0.00042000000000008697
1246,0.0015068290598290524,0.00042000000000008697
1247,0.0015086923076923133,0.00042000000000008697
1248,0.0015077264957264946,0.00042000000000008697
1249,0.0015033504273504234,0.0004199999999996429
1250,0.001503461538461531,0.00040999999999957737
1251,0.0015023333333333323,0.00040999999999957737
1252,0.001501418803418798,0.00042000000000008697
1253,0.0015001452991453073,0.00042000000000008697
1254,0.0015013675213675227,0.00042000000000008697
1255,0.0015033333333333186,0.00042000000000008697
1256,0.0015044615384615365,0.00041000000000046555
1257,0.001504179487179477,0.0004199999999991988
1258,0.0015052393162393136,0.0004199999999991988
1259,0.0015079059829059666,0.00042000000000008697
1300,0.0014765091210613538,0.00042000000000008697
1301,0.0014805887230514134,0.00042000000000008697
1302,0.0014753233830845658,0.0004299999999997084
1303,0.0014769900497512297,0.00042000000000008697
1304,0.0014802321724709838,0.00042000000000008697
1305,0.0014818739635157384,0.0004299999999997084
1306,0.0014838059701492484,0.0004299999999997084
1307,0.001481932006633494,0.00042000000000008697
1308,0.0014833167495853937,0.0004299999999997084
1309,0.0014810945273631708,0.00042000000000008697
1310,0.001482545605306801,0.0004299999999997084
1311,0.0014841293532338198,0.00042000000000008697
1312,0.0014820563847429552,0.00042000000000008697
1313,0.001484303482587073,0.0004199999999991988
1314,0.00148616915422885,0.00042000000000008697
1315,0.0014858374792703056,0.00042000000000008697
1316,0.0014856135986732963,0.0004299999999997084
1317,0.0014858043117744572,0.00042000000000008697
1318,0.0014818159203980135,0.00042000000000008697
1319,0.001485099502487554,0.00042000000000008697
1320,0.0014875953565505788,0.00042000000000008697
1321,0.001485348258706459,0.00042000000000008697
1322,0.0014841376451077823,0.00042000000000008697
1323,0.0014878772802653462,0.00042000000000008697
1324,0.0014862852404643422,0.00042000000000008697
1325,0.0014832172470978294,0.0004299999999997084
1326,0.001485306799336669,0.00042000000000008697
1327,0.0014863184079601942,0.0004299999999997084
1328,0.0014820978441127588,0.00042000000000008697
1329,0.00148278606965174,0.0004299999999997084
1330,0.0014790298507462555,0.00042000000000008697
1331,0.0014774461028192244,0.00042000000000008697
1332,0.0014778689883913902,0.00042000000000008697
1333,0.001476923714759542,0.00042000000000008697
1334,0.0014794776119402971,0.0004199999999991988
1335,0.0014785986733001565,0.00042000000000008697
1336,0.0014757877280265391,0.00042000000000008697
1337,0.0014794693200663258,0.00042000000000008697
1338,0.001475248756218919,0.00042000000000008697
1339,0.0014757462686567223,0.00041000000000046555
1340,0.0014754809286898747,0.00042000000000008697
1341,0.0014785737976782706,0.0004299999999997084
1342,0.001478764510779431,0.00042000000000008697
1343,0.001477296849087883,0.00042000000000008697
1344,0.0014784411276948432,0.00042000000000008697
1345,0.0014782421227197329,0.00042000000000008697
1346,0.0014782835820895599,0.0004199999999991988
1347,0.0014833582089552164,0.00042000000000008697
1348,0.0014836069651741291,0.00042000000000008697
1349,0.0014836401326699762,0.00042000000000008697
1350,0.0014838888888889076,0.00042000000000008697
1351,0.0014890878938640037,0.00042000000000008697
1352,0.0014855804311774301,0.00042000000000008697
1353,0.0014858457711442903,0.00042000000000008697
1354,0.001482197346600321,0.00041000000000046555
1355,0.0014775870646766172,0.00041000000000046555
1356,0.0014781011608623511,0.00039999999999995595
1357,0.0014807794361525713,0.00042000000000008697
1358,0.0014808374792703116,0.00041000000000046555
1359,0.001490946058091284,0.00043000000000059657
1400,0.0015296743787489202,0.0004299999999997084
1401,0.0015252870608397585,0.00042000000000008697
1402,0.0015178320479862894,0.00042000000000008697
1403,0.0015155526992287895,0.0004199999999991988
1404,0.0015196658097686173,0.00042000000000008697
1405,0.0015176092544987045,0.00042000000000008697
1406,0.001515475578406155,0.00041000000000046555
1407,0.0015110282776349653,0.00040999999999957737
1408,0.0015104884318765921,0.00041000000000046555
1409,0.0015143016281062426,0.00040999999999957737
1410,0.001509185946872303,0.00039999999999995595
1411,0.0015082776349614176,0.00041000000000046555
1412,0.0015067952013710251,0.00042000000000008697
1413,0.0015108740359897118,0.0004199999999991988
1414,0.001508354755784061,0.00039999999999995595
1415,0.0014991002570694076,0.00039999999999995595
1416,0.0015002656383890228,0.00039999999999995595
1417,0.001497926306769489,0.00039999999999995595
1418,0.0014994344473007871,0.00040999999999957737
1419,0.001499425878320474,0.00040999999999957737
1420,0.00150210796915166,0.00039999999999995595
1421,0.0014985089974293088,0.00039999999999995595
1422,0.001500008568980312,0.00039999999999995595
1423,0.0015015081405312712,0.00040999999999957737
1424,0.001502116538131962,0.00039999999999995595
1425,0.0015002399314481575,0.0004000000000008441
1426,0.0014965895458440364,0.00039999999999995595
1427,0.0014964952870608322,0.00039999999999995595
1428,0.0014956555269922832,0.00039999999999995595
1429,0.0014984147386460946,0.00039999999999995595
1430,0.0014919794344472968,0.00039999999999995595
1431,0.0014951756640959738,0.00039999999999995595
1432,0.0014976435304198776,0.00039999999999995595
1433,0.0014983547557840483,0.00039999999999995595
1434,0.0014954670094258777,0.00039999999999995595
1435,0.0014949014567266566,0.0003900000000003345
1436,0.0014956383890317125,0.0003900000000003345
1437,0.0014968637532133712,0.00039999999999995595
1438,0.0015039160239931448,0.00039999999999995595
1439,0.001498560411311046,0.0003900000000003345
1440,0.0014994344473007665,0.00039999999999995595
1441,0.001501508140531288,0.00039999999999995595
1442,0.0014997514995715442,0.0003900000000003345
1443,0.001501559554413008,0.0003900000000003345
1444,0.0015031019708654611,0.00039999999999995595
1445,0.0015015766923736054,0.00039999999999995595
1446,0.0014983119108825948,0.0003900000000003345
1447,0.001499888603256205,0.0003900000000003345
1448,0.0015019537275064241,0.00039999999999995595
1449,0.001502245072836321,0.0003900000000003345
1450,0.0015038646101113993,0.00039999999999995595
1451,0.001504772922022275,0.00039999999999995595
1452,0.001502005141388155,0.00039999999999995595
1453,0.0014963667523564593,0.0003900000000003345
1454,0.0014947643530419804,0.0003900000000003345
1455,0.0014882005141388125,0.00038999999999944635
1456,0.0014884404455869581,0.0003800000000007131
1457,0.0014867780634104538,0.0003799999999998249
1458,0.0014908911739503021,0.0003799999999998249
1459,0.001499005998286207,0.00039999999999995595
1500,0.0014730272952853446,0.00040999999999957737
1501,0.0014728122415219149,0.00041000000000046555
1502,0.0014710918114143928,0.00041000000000046555
1503,0.001470066170388734,0.00041000000000046555
1504,0.001470181968569061,0.00039999999999995595
1505,0.0014641439205955373,0.00039999999999995595
1506,0.0014705376344085954,0.00040999999999957737
1507,0.0014711993382960974,0.00040999999999957737
1508,0.0014645657568238114,0.00039999999999995595
1509,0.0014694375516956164,0.00040999999999957737
1510,0.0014707526881720411,0.00040999999999957737
1511,0.0014699090157154733,0.00039999999999995595
1512,0.0014698345740281253,0.00039999999999995595
1513,0.0014733746898263045,0.0004199999999991988
1514,0.001473688999172869,0.00040999999999957737
1515,0.0014630272952853595,0.0003900000000003345
1516,0.0014605210918114046,0.0003900000000003345
1517,0.001458569065343263,0.0003900000000003345
1518,0.0014563192721257136,0.00038999999999944635
1519,0.0014585194375516897,0.00038999999999944635
1520,0.001463746898263024,0.0003900000000003345
1521,0.0014646401985111666,0.0003900000000003345
1522,0.0014601902398676554,0.0003900000000003345
1523,0.0014621753515301783,0.0003900000000003345
1524,0.0014628701406120708,0.00039999999999995595
1525,0.001463110008271299,0.0003900000000003345
1526,0.00146270471464019,0.0003900000000003345
1527,0.0014626799007444128,0.0003900000000003345
1528,0.0014558891645988343,0.00038999999999944635
1529,0.0014599255583126378,0.0003799999999998249
1530,0.0014602646815549947,0.00038999999999944635
1531,0.0014615715467328353,0.0003900000000003345
1532,0.0014586186931348016,0.00038999999999944635
1533,0.0014583374689826187,0.00038999999999944635
1534,0.0014627791563275269,0.0003900000000003345
1535,0.0014613151364764399,0.0003900000000003345
1536,0.001463746898263008,0.0003900000000003345
1537,0.0014666335814722963,0.00038999999999944635
1538,0.0014690157154673114,0.0003799999999998249
1539,0.0014679900744416947,0.0003900000000003345
1540,0.0014630438378825357,0.0003799999999998249
1541,0.001467162944582291,0.0003799999999998249
1542,0.0014625971877584832,0.0003900000000003345
1543,0.001465219189412723,0.0003799999999998249
1544,0.0014725641025641041,0.0003900000000003345
1545,0.0014679487179487232,0.00038999999999944635
1546,0.001472373862696425,0.00038999999999944635
1547,0.0014747394540942805,0.00038999999999944635
1548,0.0014731348221670815,0.0003900000000003345
1549,0.0014706203473945428,0.0003800000000007131
1550,0.0014723986765922145,0.0003900000000003345
1551,0.001473622828784107,0.0003900000000003345
1552,0.0014735153019023877,0.0003799999999998249
1553,0.001466832092638555,0.0003799999999998249
1554,0.0014726385442514617,0.0003799999999998249
1555,0.0014702150537634366,0.0003799999999998249
1556,0.001466716294458229,0.0003799999999998249
1557,0.0014681058726220054,0.00038999999999944635
1558,0.001463606286186934,0.0003799999999998249
1559,0.0014690901571546588,0.0003900000000003345
1600,0.0014829553264604828,0.0003799999999998249
1601,0.0014879725085910525,0.0003750000000000142
1602,0.0014913745704467274,0.00038999999999944635
1603,0.001486735395188974,0.0003799999999998249
1604,0.0014892010309278246,0.0003799999999998249
1605,0.0014916580756013688,0.0003800000000007131
1606,0.0014881701030927715,0.0003799999999998249
1607,0.0014919158075601326,0.0003800000000007131
1608,0.0014966151202749174,0.00038999999999944635
1609,0.0014937199312714815,0.0003799999999998249
1610,0.0014946907216494807,0.0003799999999998249
1611,0.0014920962199312681,0.0003799999999998249
1612,0.0014912800687285148,0.0003799999999998249
1613,0.001489939862542945,0.0003799999999998249
1614,0.0014914604810996588,0.0003800000000007131
1615,0.0014899054982817834,0.0003799999999998249
1616,0.0014890120274913927,0.0003799999999998249
1617,0.001486142611683845,0.0003700000000002035
1618,0.0014890378006872658,0.0003700000000002035
1619,0.001488187285223362,0.0003800000000007131
1620,0.0014890206185566813,0.00038999999999944635
1621,0.001489020618556708,0.0003799999999998249
1622,0.0014856357388316054,0.0003799999999998249
1623,0.001484029209621993,0.0003799999999998249
1624,0.0014837886597938066,0.0003799999999998249
1625,0.0014873797250859028,0.0003799999999998249
1626,0.001486812714776633,0.0003799999999998249
1627,0.0014872852233676825,0.0003799999999998249
1628,0.0014885824742268002,0.0003799999999998249
1629,0.00148731099656357,0.00038999999999944635
1630,0.001490326460481091,0.0003900000000003345
1631,0.0014853694158075558,0.0003799999999998249
1632,0.001485661512027476,0.0003800000000007131
1633,0.0014858848797250576,0.00038999999999944635
1634,0.0014828780068728478,0.0003800000000007131
1635,0.0014831958762886606,0.0003800000000007131
1636,0.001489853951890022,0.00038999999999944635
1637,0.0014901116838487865,0.00038999999999944635
1638,0.0014904123711340085,0.0003900000000003345
1639,0.0014919072164948516,0.00038999999999944635
1640,0.0014933247422680342,0.0003800000000007131
1641,0.0014873883161512,0.0003799999999998249
1642,0.001489845360824735,0.0003799999999998249
1643,0.001491348797250865,0.0003800000000007131
1644,0.0014892182130584073,0.0003799999999998249
1645,0.0014934621993126956,0.00038999999999944635
1646,0.001492096219931278,0.0003799999999998249
1647,0.001490103092783517,0.0003799999999998249
1648,0.0014921219931271397,0.0003799999999998249
1649,0.001491529209621977,0.0003900000000003345
1650,0.0014881443298968954,0.0003800000000007131
1651,0.0014858161512027418,0.0003799999999998249
1652,0.0014843556701030873,0.0003799999999998249
1653,0.001486683848797251,0.00038999999999944635
1654,0.0014863230240549715,0.00038999999999944635
1655,0.0014857646048109972,0.00038999999999944635
1656,0.0014884879725085855,0.0003900000000003345
1657,0.0014863402061855511,0.00038999999999944635
1658,0.0014849226804123754,0.0003700000000002035
1659,0.0015015378006872778,0.00039999999999995595
1700,0.0014623509933774702,0.00038999999999944635
1701,0.0014688741721854356,0.00041000000000002146
1702,0.001471225165562908,0.00040999999999957737
1703,0.0014645364238410658,0.00039999999999995595
1704,0.0014647847682119062,0.00039999999999995595
1705,0.001470240066225166,0.00039999999999995595
1706,0.0014708692052980209,0.00040000000000040004
1707,0.0014667052980132395,0.00039999999999995595
1708,0.0014649751655629248,0.00039999999999995595
1709,0.0014626821192052905,0.00039999999999995595
1710,0.0014658360927152188,0.00039999999999995595
1711,0.0014628394039735016,0.00039999999999995595
1712,0.001465579470198682,0.00039999999999995595
1713,0.0014654801324503126,0.00039999999999995595
1714,0.0014637665562913715,0.00039999999999995595
1715,0.001458766556291391,0.00039999999999995595
1716,0.001459197019867555,0.00040999999999957737
1717,0.0014575082781456991,0.00039999999999995595
1718,0.001458062913907289,0.00039999999999995595
1719,0.0014550827814569448,0.00039999999999995595
1720,0.0014576490066225047,0.00039999999999995595
1721,0.0014584437086092642,0.00039999999999995595
1722,0.001455248344370863,0.00040999999999957737
1723,0.001457607615894022,0.00039999999999995595
1724,0.0014522268211920398,0.00039999999999995595
1725,0.0014526490066225162,0.00040000000000040004
1726,0.0014570115894039638,0.00039999999999995595
1727,0.0014585016556291324,0.00039999999999995595
1728,0.0014553062913907238,0.00039999999999995595
1729,0.0014597682119205202,0.00039999999999995595
1730,0.0014662748344370772,0.00040999999999957737
1731,0.0014622350993377454,0.00039999999999995595
1732,0.0014586175496688713,0.00039999999999995595
1733,0.0014597930463576155,0.00040500000000021075
1734,0.0014616556291390762,0.00039999999999995595
1735,0.0014663079470198558,0.00040999999999957737
1736,0.001458195364238406,0.00040000000000040004
1737,0.0014591059602649006,0.00039999999999995595
1738,0.001459528145695363,0.00039999999999995595
1739,0.0014602649006622357,0.00040499999999976666
1740,0.0014626821192052942,0.00040500000000021075
1741,0.001455587748344368,0.00040999999999957737
1742,0.001455546357615884,0.00040999999999957737
1743,0.001458965231788079,0.00039999999999995595
1744,0.0014607947019867542,0.00039999999999995595
1745,0.00146105960264899,0.00039999999999995595
1746,0.0014581870860927058,0.00040999999999957737
1747,0.001456655629139064,0.00039999999999995595
1748,0.0014552400662251502,0.00039999999999995595
1749,0.0014565562913907155,0.00040999999999957737
1750,0.001455935430463566,0.00039999999999995595
1751,0.0014544453642384046,0.00039999999999995595
1752,0.001453178807947039,0.00039999999999995595
1753,0.0014470529801324191,0.00039999999999995595
1754,0.0014567880794701996,0.00039999999999995595
1755,0.0014721440397350895,0.0004249999999998977
1756,0.00147167218543047,0.0004299999999997084
1757,0.0014637831125827903,0.00042000000000008697
1758,0.0014581291390728575,0.00041000000000046555
1759,0.0014676821192052903,0.0004299999999997084
1800,0.0015222820512820496,0.0004299999999997084
1801,0.0015268717948717849,0.0004299999999997084
1802,0.0015345726495726486,0.0004499999999998394
1803,0.0015289059829059854,0.0004450000000000287
1804,0.0015281196581196457,0.000440000000000218
1805,0.0015291367521367346,0.000440000000000218
1806,0.001527529914529903,0.0004450000000000287
1807,0.0015304957264957045,0.0004500000000002835
1808,0.0015329401709401574,0.000440000000000218
1809,0.001526572649572638,0.0004399999999997739
1810,0.0015295042735042647,0.000440000000000218
1811,0.00152901709401709,0.0004499999999998394
1812,0.001531880341880342,0.0004499999999998394
1813,0.001528247863247852,0.0004499999999998394
1814,0.0015330367835756963,0.000440000000000218
1815,0.0015234529914529796,0.0004399999999997739
1816,0.0015157264957264824,0.0004249999999998977
1817,0.0015177606837606839,0.00042000000000008697
1818,0.001517666666666665,0.00042000000000008697
1819,0.0015178632478632503,0.00042000000000008697
1820,0.0015176495726495602,0.0004300000000001525
1821,0.0015153760683760753,0.0004299999999997084
1822,0.0015104102564102448,0.00042000000000008697
1823,0.001514709401709389,0.00042000000000008697
1824,0.0015134786324786178,0.00042000000000008697
1825,0.001512641025641023,0.00042000000000008697
1826,0.0015114358974358797,0.00042000000000008697
1827,0.00150846153846154,0.00041000000000046555
1828,0.0015083846153846228,0.00039999999999995595
1829,0.0015102564102564067,0.00041000000000046555
1830,0.0015211794871794794,0.00042000000000008697
1831,0.001516991452991458,0.00042000000000008697
1832,0.0015184444444444438,0.0004199999999991988
1833,0.0015178205128205022,0.00040999999999957737
1834,0.00151876923076922,0.0004199999999991988
1835,0.0015198888888888912,0.00041000000000046555
1836,0.0015186239316239219,0.00041499999999983217
1837,0.0015205555555555508,0.00042000000000008697
1838,0.001518538461538449,0.00040999999999957737
1839,0.0015202222222222316,0.00041000000000046555
1840,0.0015215128205128274,0.00040999999999957737
1841,0.0015172735042735047,0.00041000000000046555
1842,0.0015142905982906084,0.00041000000000046555
1843,0.0015140854700854774,0.00041000000000046555
1844,0.0015160256410256339,0.00042000000000008697
1845,0.0015130341880341977,0.00042000000000008697
1846,0.0015162905982905835,0.0004199999999991988
1847,0.001515367521367506,0.00041000000000046555
1848,0.0015152905982906023,0.00041000000000046555
1849,0.0015170341880341785,0.00040000000000040004
1850,0.0015217350427350269,0.00042000000000008697
1851,0.0015170683760683545,0.00042000000000008697
1852,0.0015169658119658057,0.00040999999999957737
1853,0.0015157435897435836,0.00041000000000046555
1854,0.0015141709401709311,0.00040999999999957737
1855,0.001514264957264944,0.00042000000000008697
1856,0.001511290598290605,0.00041000000000046555
1857,0.0015079401709401398,0.00041000000000046555
1858,0.00150735897435895,0.00041000000000046555
1859,0.0015159658119658207,0.00042000000000008697
1900,0.0014783333333333295,0.0004300000000001525
1901,0.0014764623032311644,0.00042000000000008697
1902,0.0014740596520298039,0.00042000000000008697
1903,0.0014784507042253654,0.00042000000000008697
1904,0.0014768102734051163,0.0004199999999991988
1905,0.001474233637116817,0.00042000000000008697
1906,0.0014726760563380252,0.00042000000000008697
1907,0.0014752029826014831,0.00041000000000046555
1908,0.0014735128417564113,0.00041000000000046555
1909,0.0014700497100248588,0.00042000000000008697
1910,0.0014739850869925233,0.00041000000000046555
1911,0.0014808699254349352,0.00042000000000008697
1912,0.0014776967688483857,0.00041000000000046555
1913,0.0014822305140961797,0.00042000000000008697
1914,0.0014795194697597282,0.00042000000000008697
1915,0.0014767771333885652,0.00040999999999957737
1916,0.0014820546810273452,0.0004199999999991988
1917,0.0014780530240265078,0.00042000000000008697
1918,0.0014745484672742135,0.00041000000000046555
1919,0.0014740430820215297,0.00041000000000046555
1920,0.001480314830157407,0.00042000000000008697
1921,0.0014719055509527716,0.0004199999999991988
1922,0.001474159072079533,0.00042000000000008697
1923,0.0014743827671913816,0.00042000000000008697
1924,0.001472195526097751,0.00042000000000008697
1925,0.0014672659486329547,0.00041000000000046555
1926,0.0014691052195526066,0.00042000000000008697
1927,0.0014705633802816803,0.00042000000000008697
1928,0.001475749792874889,0.00042000000000008697
1929,0.0014741756420878231,0.00042000000000008697
1930,0.001471135045567514,0.00042000000000008697
1931,0.0014721558872304997,0.00041499999999983217
1932,0.0014691956882255225,0.00041000000000046555
1933,0.001466334991708136,0.00041000000000046555
1934,0.001467388059701479,0.00041000000000046555
1935,0.00146488815244407,0.00040999999999957737
1936,0.0014626594863297346,0.00040999999999957737
1937,0.001458906379453179,0.00040999999999957737
1938,0.0014611267605633752,0.00042000000000008697
1939,0.0014599917081260356,0.00041000000000046555
1940,0.0014662106135986807,0.00042000000000008697
1941,0.0014696023198011489,0.00042000000000008697
1942,0.0014703065451532689,0.00042000000000008697
1943,0.0014690057995028856,0.00042000000000008697
1944,0.0014737531068765458,0.00042000000000008697
1945,0.001469254349627169,0.00042000000000008697
1946,0.0014683595691797847,0.0004299999999997084
1947,0.0014692129246064484,0.00042000000000008697
1948,0.001475816072908019,0.00042000000000008697
1949,0.0014726926263462876,0.00042000000000008697
1950,0.00146663628831813,0.00041000000000046555
1951,0.0014667357083678503,0.00042000000000008697
1952,0.0014655426677713354,0.00041000000000046555
1953,0.0014652112676056383,0.0004199999999991988
1954,0.0014655509527754767,0.00042000000000008697
1955,0.0014698011599005461,0.00042000000000008697
1956,0.0014733333333333258,0.00042000000000008697
1957,0.0014712603648424393,0.00042000000000008697
1958,0.0014668516984258305,0.00041000000000046555
1959,0.0014746975973487905,0.0004299999999997084
2000,0.0015176092544986947,0.00042000000000008697
2001,0.0015146101113967408,0.0004299999999997084
2002,0.0015161610968294711,0.00042000000000008697
2003,0.0015135218508997423,0.0004199999999991988
2004,0.0015140959725792574,0.00042000000000008697
2005,0.0015165981148243185,0.00042000000000008697
2006,0.0015168123393316183,0.00042000000000008697
2007,0.0015164353041988011,0.00042000000000008697
2008,0.0015064524421593585,0.00041000000000046555
2009,0.0015054755784061449,0.0004199999999991988
2010,0.0015036760925449765,0.00042000000000008697
2011,0.0015011139674378675,0.00041000000000046555
2012,0.0015013796058269135,0.00042000000000008697
2013,0.0014999400171379748,0.00041000000000046555
2014,0.0015213624678663224,0.00042000000000008697
2015,0.0015057497857754864,0.00042000000000008697
2016,0.0015076349614395932,0.00042000000000008697
2017,0.001503110539845759,0.0004199999999991988
2018,0.0015038303341902315,0.00041000000000046555
2019,0.00150269065981147,0.00041000000000046555
2020,0.0015017223650385452,0.00042000000000008697
2021,0.001504053127677792,0.0004299999999997084
2022,0.0015029134532990626,0.00042000000000008697
2023,0.0015055526992287785,0.0004299999999997084
2024,0.001506572407883461,0.00042000000000008697
2025,0.0015095972579263145,0.00042000000000008697
2026,0.0015113624678663167,0.0004299999999997084
2027,0.0015127506426735147,0.0004399999999993298
2028,0.0015129134532990592,0.0004299999999997084
2029,0.0017232904884318878,0.0006399999999997519
2030,0.0015581319622964686,0.00046999999999997044
2031,0.0015393230505569887,0.00046999999999997044
2032,0.0015261525278491752,0.0004500000000007276
2033,0.0015143187660668193,0.000440000000000218
2034,0.0015126306769494297,0.0004499999999998394
2035,0.001515818337617821,0.00043000000000059657
2036,0.0015119880034275871,0.00043000000000059657
2037,0.0015098029134533036,0.000440000000000218
2038,0.0015042245072836328,0.0004299999999997084
2039,0.0015018851756641006,0.00042000000000008697
2040,0.0015046615252784841,0.00042000000000008697
2041,0.0014990659811482297,0.00042000000000008697
2042,0.0014934447300770978,0.0004299999999997084
2043,0.0014950128534704263,0.0004299999999997084
2044,0.00149328191945158,0.00043000000000059657
2045,0.0014925364181662428,0.00042000000000008697
2046,0.001493350471293902,0.0004299999999997084
2047,0.0014874207369322962,0.00043000000000059657
2048,0.001484318766066834,0.00042000000000008697
2049,0.0014863410454155988,0.00042000000000008697
2050,0.0014859383033419124,0.00042000000000008697
2051,0.0014885518423307551,0.00041000000000046555
2052,0.0014895372750642752,0.00042000000000008697
2053,0.0014940874035989722,0.00042000000000008697
2054,0.0014947472150813855,0.00042000000000008697
2055,0.001499597257926302,0.00042000000000008697
2056,0.001497309340188524,0.00042000000000008697
2057,0.0014935561268208993,0.00041000000000046555
2058,0.0014908054841473888,0.00041000000000046555
2059,0.0014992716366752136,0.0004299999999997084
2100,0.0014842655601659664,0.00042000000000008697
2101,0.0014812697095435655,0.00042000000000008697
2102,0.0014798506224066301,0.00042000000000008697
2103,0.0014724647302904678,0.00042000000000008697
2104,0.0014779419087136857,0.00042000000000008697
2105,0.0014773360995850543,0.0004299999999997084
2106,0.0014779751037344482,0.00042000000000008697
2107,0.0014766887966804864,0.00042000000000008697
2108,0.001473070539419086,0.00042000000000008697
2109,0.0014783070539419038,0.00043000000000059657
2110,0.0014755684647302881,0.00042000000000008697
2111,0.0014784398340249084,0.00042000000000008697
2112,0.0014805062240663836,0.0004399999999993298
2113,0.0014861659751037365,0.0004399999999993298
2114,0.0015036099585062164,0.000440000000000218
2115,0.0014929128630705322,0.00042000000000008697
2116,0.0014839087136929413,0.00042000000000008697
2117,0.0014861410788381683,0.00042000000000008697
2118,0.001480431535269703,0.00042000000000008697
2119,0.0014840663900415015,0.00042000000000008697
2120,0.0014903236514522712,0.00042000000000008697
2121,0.0014897012448132686,0.00043000000000059657
2122,0.00148453112033195,0.00042000000000008697
2123,0.0014866804979253056,0.00042000000000008697
2124,0.0014852448132780193,0.0004299999999997084
2125,0.001487775933609951,0.00042000000000008697
2126,0.0014898506224066328,0.0004399999999993298
2127,0.0014935601659750962,0.0004299999999997084
2128,0.0014963568464730337,0.000440000000000218
2129,0.0015953692946058008,0.0005100000000002325
2130,0.0015002074688796625,0.000460000000000349
2131,0.001482082987551855,0.0004499999999998394
2132,0.0014745477178423328,0.0004499999999998394
2133,0.0014671535269709544,0.000440000000000218
2134,0.0014705726141078753,0.000440000000000218
2135,0.0014551286307054006,0.00042000000000008697
2136,0.001457825726141082,0.0004299999999997084
2137,0.0014615933609958365,0.0004299999999997084
2138,0.0014590290456431435,0.00042000000000008697
2139,0.0014598838174273597,0.00043000000000059657
2140,0.0014635850622406656,0.0004299999999997084
2141,0.0014576597510373406,0.000440000000000218
2142,0.00145222406639004,0.00043000000000059657
2143,0.0014473526970954261,0.00042000000000008697
2144,0.0014726970954356828,0.00045999999999946084
2145,0.001452680497925302,0.0004299999999997084
2146,0.001449585062240668,0.0004299999999997084
2147,0.0014469626556016526,0.0004299999999997084
2148,0.0014578589211618196,0.0004399999999993298
2149,0.0014566721991701285,0.0004299999999997084
2150,0.0014614356846472888,0.00043000000000059657
2151,0.0014567634854771908,0.0004299999999997084
2152,0.0014638091286307009,0.0004299999999997084
2153,0.001466993355481723,0.0004300000000001525
2154,0.0014596262458471613,0.00042000000000008697
2155,0.0014607475083056416,0.00042000000000008697
2156,0.0014651245847176013,0.0004299999999997084
2157,0.0014555897009966815,0.0004249999999998977
2158,0.001453870431893685,0.00042000000000008697
2159,0.0015154734219269058,0.0004999999999997229
2200,0.0015359590792838808,0.00043000000000059657
2201,0.00152847399829496,0.00042000000000008697
2202,0.0015278942881500385,0.0004299999999997084
2203,0.0015197186700767092,0.0004299999999997084
2204,0.001520511508951398,0.0004299999999997084
2205,0.001525907928388733,0.0004299999999997084
2206,0.0015260613810741885,0.0004299999999997084
2207,0.0015247826086956355,0.00042000000000008697
2208,0.001521653878942875,0.00041000000000046555
2209,0.0015216624040920747,0.00041000000000046555
2210,0.0015194799658994017,0.00041000000000046555
2211,0.0015118584825234527,0.00042000000000008697
2212,0.0015131031543051928,0.00042000000000008697
2213,0.001513921568627448,0.00041000000000046555
2214,0.001512642796248923,0.00041000000000046555
2215,0.001513947144075009,0.0004299999999997084
2216,0.0015100852514919048,0.00042000000000008697
2217,0.0015096163682864292,0.0004299999999997084
2218,0.0015122932651321394,0.00042000000000008697
2219,0.0015117220801364039,0.00042000000000008697
2220,0.0015130946291560165,0.00042000000000008697
2221,0.0015113043478260763,0.00042000000000008697
2222,0.0015143393009377673,0.00042000000000008697
2223,0.0015112872975276937,0.00042000000000008697
2224,0.001512071611253198,0.00040999999999957737
2225,0.0015239045183290775,0.00041000000000046555
2226,0.0015240153452685478,0.0004299999999997084
2227,0.0015298124467178142,0.00042000000000008697
2228,0.0015314748508099,0.00042000000000008697
2229,0.0015396930946291413,0.0004299999999997084
2230,0.001543248081841451,0.00042000000000008697
2231,0.0015367433930093806,0.00042000000000008697
2232,0.0015372719522591582,0.0004299999999997084
2233,0.001541329923273657,0.0004299999999997084
2234,0.0015434526854219816,0.00042000000000008697
2235,0.0015393265132139886,0.00042000000000008697
2236,0.0015392156862744928,0.00041000000000046555
2237,0.001545183290707583,0.00041000000000046555
2238,0.001542438192668381,0.00040999999999957737
2239,0.001545822676896851,0.00041000000000046555
2240,0.0015427706734868023,0.00042000000000008697
2241,0.0015487638533674272,0.00042000000000008697
2242,0.0015476385336743168,0.00042000000000008697
2243,0.001543793691389583,0.00040999999999957737
2244,0.0015501534526854042,0.0004399999999993298
2245,0.0015434100596760417,0.00042000000000008697
2246,0.0015495652173913104,0.00042000000000008697
2247,0.0015404092071611259,0.00040999999999957737
2248,0.001548363171355488,0.00041000000000046555
2249,0.0015524296675191829,0.0004299999999997084
2250,0.0015556351236146629,0.00042000000000008697
2251,0.0015472975277067238,0.00041000000000046555
2252,0.001548627450980389,0.00041000000000046555
2253,0.001556095481670931,0.00041000000000046555
2254,0.001549880647911331,0.00041000000000046555
2255,0.0015517647058823642,0.00042000000000008697
2256,0.0015569224211423715,0.00041000000000046555
2257,0.001544006820119371,0.00040999999999957737
2258,0.0015418499573742227,0.0004000000000008441
2259,0.0015715942028985375,0.000440000000000218
2300,0.001485794701986746,0.0004199999999996429
2301,0.0014812013256006542,0.00041000000000046555
2302,0.0014924751655629026,0.00042000000000008697
2303,0.0014932615894039502,0.0004299999999997084
2304,0.0014886423841059507,0.00042000000000008697
2305,0.0014869867549668744,0.00042000000000008697
2306,0.001480504966887429,0.00042000000000008697
2307,0.0014822764900662045,0.00042000000000008697
2308,0.0014866721854304567,0.00042000000000008697
2309,0.0014857698675496695,0.00042000000000008697
2310,0.001490124172185428,0.00042000000000008697
2311,0.001487847682119184,0.00042000000000008697
2312,0.0014915149006622444,0.0004299999999997084
2313,0.0014942466887417055,0.00042000000000008697
2314,0.0014967549668874131,0.0004299999999997084
2315,0.001499718543046353,0.00043000000000059657
2316,0.0015007284768211926,0.0004249999999998977
2317,0.0014972682119205188,0.0004299999999997084
2318,0.0014972102649006593,0.0004299999999997084
2319,0.001496142384105966,0.0004299999999997084
2320,0.0014900745033112563,0.0004249999999998977
2321,0.0014903642384105882,0.0004299999999997084
2322,0.0014894453642384112,0.0004299999999997084
2323,0.001486738410596015,0.0004299999999997084
2324,0.001487028145695357,0.00042000000000008697
2325,0.0014902814569536364,0.00042000000000008697
2326,0.001488220198675498,0.00042000000000008697
2327,0.0014917880794701958,0.00042000000000008697
2328,0.0014821854304635678,0.00042000000000008697
2329,0.0014880132450331254,0.0004299999999997084
2330,0.0014848841059602624,0.00043000000000059657
2331,0.001480430463576164,0.00043000000000059657
2332,0.001475860927152315,0.00042000000000008697
2333,0.0014769453642383985,0.0004299999999997084
2334,0.0014830298013245086,0.0004299999999997084
2335,0.0014781374172185466,0.000440000000000218
2336,0.0014727400662251581,0.00042000000000008697
2337,0.001477259933774839,0.0004299999999997084
2338,0.0014722930463576093,0.00042000000000008697
2339,0.0014742632450331027,0.00042000000000008697
2340,0.0014718543046357716,0.00042000000000008697
2341,0.0014748344370861008,0.0004299999999997084
2342,0.0014738525269262425,0.0004299999999997084
2343,0.0014730215231788047,0.00043000000000059657
2344,0.001467789735099325,0.0004299999999997084
2345,0.0014641142384105837,0.0004299999999997084
2346,0.0014638079470198557,0.0004299999999997084
2347,0.001470794701986741,0.0004299999999997084
2348,0.0014666114333057115,0.0004299999999997084
2349,0.0014745695364238556,0.0004299999999997084
2350,0.0014725662251655466,0.0004299999999997084
2351,0.0014678458989229462,0.0004299999999997084
2352,0.0014719138359569107,0.00042000000000008697
2353,0.0014681374172185416,0.0004299999999997084
2354,0.0014661506622516514,0.0004299999999997084
2355,0.0014676903973509926,0.0004299999999997084
2356,0.0014664817880794608,0.0004299999999997084
2357,0.0014614817880794677,0.00041000000000046555
2358,0.001464014900662254,0.00042000000000008697
2359,0.0014635016556291433,0.0004199999999996429
