datetime,contractmonth,open,high,low,close,volume
2023-07-07 00:00:00+08:00,2308,67610.0,67670.0,67600.0,67600.0,499
2023-07-07 00:15:00+08:00,2308,67590.0,67620.0,67580.0,67600.0,356
2023-07-07 00:30:00+08:00,2308,67600.0,67630.0,67580.0,67600.0,166
2023-07-07 00:45:00+08:00,2308,67590.0,67670.0,67590.0,67660.0,408
2023-07-07 09:00:00+08:00,2308,67680.0,67760.0,67660.0,67730.0,2328
2023-07-07 09:15:00+08:00,2308,67710.0,67740.0,67640.0,67680.0,1555
2023-07-07 09:30:00+08:00,2308,67700.0,67810.0,67680.0,67750.0,2770
2023-07-07 09:45:00+08:00,2308,67740.0,67750.0,67690.0,67720.0,1594
2023-07-07 10:00:00+08:00,2308,67710.0,67730.0,67660.0,67690.0,1538
2023-07-07 10:30:00+08:00,2308,67700.0,67740.0,67680.0,67700.0,1539
2023-07-07 10:45:00+08:00,2308,67700.0,67710.0,67660.0,67690.0,1519
2023-07-07 11:00:00+08:00,2308,67700.0,67770.0,67680.0,67760.0,2423
2023-07-07 11:15:00+08:00,2308,67760.0,67770.0,67710.0,67720.0,907
2023-07-07 13:30:00+08:00,2308,67780.0,67860.0,67750.0,67790.0,4384
2023-07-07 13:45:00+08:00,2308,67800.0,67800.0,67720.0,67760.0,1598
2023-07-07 14:00:00+08:00,2308,67760.0,67770.0,67710.0,67750.0,1300
2023-07-07 14:15:00+08:00,2308,67770.0,67800.0,67680.0,67700.0,2465
2023-07-07 14:30:00+08:00,2308,67700.0,67740.0,67680.0,67720.0,2099
2023-07-07 14:45:00+08:00,2308,67710.0,67740.0,67600.0,67610.0,4834
2023-07-07 21:00:00+08:00,2308,67790.0,67890.0,67770.0,67840.0,6264
2023-07-07 21:15:00+08:00,2308,67850.0,67860.0,67710.0,67720.0,2547
2023-07-07 21:30:00+08:00,2308,67710.0,67860.0,67700.0,67830.0,2981
2023-07-07 21:45:00+08:00,2308,67830.0,67960.0,67820.0,67860.0,3064
2023-07-07 22:00:00+08:00,2308,67870.0,67880.0,67790.0,67860.0,1918
2023-07-07 22:15:00+08:00,2308,67860.0,67920.0,67820.0,67920.0,1082
2023-07-07 22:30:00+08:00,2308,67920.0,68020.0,67900.0,67950.0,3466
2023-07-07 22:45:00+08:00,2308,67940.0,67970.0,67840.0,67910.0,1716
2023-07-07 23:00:00+08:00,2308,67910.0,67940.0,67870.0,67900.0,844
2023-07-07 23:15:00+08:00,2308,67890.0,67960.0,67890.0,67960.0,617
2023-07-07 23:30:00+08:00,2308,67960.0,67970.0,67930.0,67950.0,515
2023-07-07 23:45:00+08:00,2308,67960.0,67970.0,67900.0,67920.0,397
2023-07-08 00:00:00+08:00,2308,67920.0,67930.0,67900.0,67910.0,201
2023-07-08 00:15:00+08:00,2308,67910.0,67930.0,67880.0,67930.0,355
2023-07-08 00:30:00+08:00,2308,67930.0,67930.0,67880.0,67930.0,314
2023-07-08 00:45:00+08:00,2308,67920.0,67960.0,67910.0,67940.0,525
2023-07-10 09:00:00+08:00,2308,67860.0,68040.0,67860.0,67980.0,4157
2023-07-10 09:15:00+08:00,2308,67980.0,68130.0,67940.0,68120.0,3721
2023-07-10 09:30:00+08:00,2308,68130.0,68150.0,67940.0,67980.0,3881
2023-07-10 09:45:00+08:00,2308,67980.0,67980.0,67910.0,67960.0,2036
2023-07-10 10:00:00+08:00,2308,67950.0,67990.0,67880.0,67900.0,2269
2023-07-10 10:30:00+08:00,2308,67870.0,67900.0,67820.0,67850.0,3175
2023-07-10 10:45:00+08:00,2308,67860.0,67910.0,67840.0,67900.0,2741
2023-07-10 11:00:00+08:00,2308,67910.0,67960.0,67850.0,67860.0,2100
2023-07-10 11:15:00+08:00,2308,67870.0,67880.0,67820.0,67850.0,2527
2023-07-10 13:30:00+08:00,2308,67830.0,67850.0,67660.0,67690.0,5650
2023-07-10 13:45:00+08:00,2308,67690.0,67730.0,67670.0,67710.0,2872
2023-07-10 14:00:00+08:00,2308,67700.0,67750.0,67670.0,67700.0,2201
2023-07-10 14:15:00+08:00,2308,67690.0,67760.0,67680.0,67740.0,1613
2023-07-10 14:30:00+08:00,2308,67740.0,67760.0,67720.0,67730.0,1803
2023-07-10 14:45:00+08:00,2308,67750.0,67800.0,67740.0,67750.0,2744
2023-07-10 21:00:00+08:00,2308,67710.0,67920.0,67680.0,67900.0,7035
2023-07-10 21:15:00+08:00,2308,67910.0,68020.0,67910.0,67960.0,3567
2023-07-10 21:30:00+08:00,2308,67970.0,68070.0,67910.0,68060.0,2395
2023-07-10 21:45:00+08:00,2308,68060.0,68090.0,68000.0,68030.0,2224
2023-07-10 22:00:00+08:00,2308,68040.0,68050.0,67970.0,67980.0,2025
2023-07-10 22:15:00+08:00,2308,67990.0,68020.0,67920.0,67950.0,1366
2023-07-10 22:30:00+08:00,2308,67950.0,68000.0,67900.0,67940.0,1066
2023-07-10 22:45:00+08:00,2308,67950.0,67980.0,67930.0,67960.0,1012
2023-07-10 23:00:00+08:00,2308,67950.0,68050.0,67950.0,68010.0,1424
2023-07-10 23:15:00+08:00,2308,68010.0,68050.0,67990.0,68020.0,450
2023-07-10 23:30:00+08:00,2308,68020.0,68030.0,67980.0,67990.0,709
2023-07-10 23:45:00+08:00,2308,68000.0,68050.0,68000.0,68010.0,845
2023-07-11 00:00:00+08:00,2308,68010.0,68040.0,68000.0,68010.0,199
2023-07-11 00:15:00+08:00,2308,68010.0,68020.0,67990.0,68020.0,102
2023-07-11 00:30:00+08:00,2308,68000.0,68060.0,68000.0,68020.0,400
2023-07-11 00:45:00+08:00,2308,68020.0,68060.0,68000.0,68060.0,530
2023-07-11 09:00:00+08:00,2308,68100.0,68340.0,68100.0,68200.0,9148
2023-07-11 09:15:00+08:00,2308,68210.0,68270.0,68200.0,68260.0,3029
2023-07-11 09:30:00+08:00,2308,68250.0,68270.0,68160.0,68190.0,3400
2023-07-11 09:45:00+08:00,2308,68190.0,68220.0,68140.0,68190.0,2491
2023-07-11 10:00:00+08:00,2308,68200.0,68240.0,68120.0,68160.0,3946
2023-07-11 10:30:00+08:00,2308,68170.0,68210.0,68050.0,68130.0,3447
2023-07-11 10:45:00+08:00,2308,68120.0,68130.0,67970.0,68050.0,5801
2023-07-11 11:00:00+08:00,2308,68060.0,68090.0,68030.0,68070.0,2278
2023-07-11 11:15:00+08:00,2308,68060.0,68080.0,68010.0,68050.0,2147
2023-07-11 13:30:00+08:00,2308,68150.0,68160.0,68050.0,68090.0,4708
2023-07-11 13:45:00+08:00,2308,68080.0,68110.0,68040.0,68070.0,2596
2023-07-11 14:00:00+08:00,2308,68060.0,68140.0,68040.0,68130.0,2524
2023-07-11 14:15:00+08:00,2308,68130.0,68140.0,68070.0,68130.0,1899
2023-07-11 14:30:00+08:00,2308,68110.0,68140.0,68100.0,68140.0,1825
2023-07-11 14:45:00+08:00,2308,68140.0,68160.0,68080.0,68130.0,3865
2023-07-11 21:00:00+08:00,2308,67780.0,67830.0,67730.0,67770.0,11999
2023-07-11 21:15:00+08:00,2308,67760.0,67780.0,67700.0,67750.0,4205
2023-07-11 21:30:00+08:00,2308,67760.0,67820.0,67730.0,67730.0,2603
2023-07-11 21:45:00+08:00,2308,67740.0,67810.0,67720.0,67760.0,1601
2023-07-11 22:00:00+08:00,2308,67760.0,67790.0,67730.0,67760.0,1035
2023-07-11 22:15:00+08:00,2308,67760.0,67770.0,67690.0,67700.0,2802
2023-07-11 22:30:00+08:00,2308,67690.0,67700.0,67520.0,67540.0,6370
2023-07-11 22:45:00+08:00,2308,67540.0,67610.0,67530.0,67560.0,1845
2023-07-11 23:00:00+08:00,2308,67570.0,67650.0,67550.0,67650.0,1891
2023-07-11 23:15:00+08:00,2308,67650.0,67660.0,67620.0,67640.0,604
2023-07-11 23:30:00+08:00,2308,67650.0,67690.0,67620.0,67690.0,610
2023-07-11 23:45:00+08:00,2308,67680.0,67710.0,67640.0,67640.0,1017
2023-07-12 00:00:00+08:00,2308,67650.0,67650.0,67620.0,67650.0,260
2023-07-12 00:15:00+08:00,2308,67630.0,67660.0,67630.0,67640.0,129
2023-07-12 00:30:00+08:00,2308,67640.0,67700.0,67630.0,67680.0,196
2023-07-12 00:45:00+08:00,2308,67680.0,67710.0,67670.0,67680.0,407
2023-07-12 09:00:00+08:00,2308,67750.0,67780.0,67660.0,67690.0,3616
2023-07-12 09:15:00+08:00,2308,67690.0,67720.0,67650.0,67670.0,2158
2023-07-12 09:30:00+08:00,2308,67660.0,67700.0,67620.0,67690.0,2249
2023-07-12 09:45:00+08:00,2308,67700.0,67740.0,67670.0,67690.0,2524
2023-07-12 10:00:00+08:00,2308,67690.0,67750.0,67660.0,67720.0,2605
2023-07-12 10:30:00+08:00,2308,67790.0,67850.0,67750.0,67770.0,3724
2023-07-12 10:45:00+08:00,2308,67760.0,67830.0,67750.0,67830.0,1810
2023-07-12 11:00:00+08:00,2308,67830.0,67850.0,67760.0,67810.0,2007
2023-07-12 11:15:00+08:00,2308,67800.0,67850.0,67780.0,67840.0,1729
2023-07-12 13:30:00+08:00,2308,67890.0,67900.0,67740.0,67770.0,5686
2023-07-12 13:45:00+08:00,2308,67780.0,67810.0,67720.0,67740.0,2661
2023-07-12 14:00:00+08:00,2308,67740.0,67810.0,67730.0,67800.0,2154
2023-07-12 14:15:00+08:00,2308,67790.0,67820.0,67780.0,67800.0,1511
2023-07-12 14:30:00+08:00,2308,67800.0,67830.0,67790.0,67790.0,1951
2023-07-12 14:45:00+08:00,2308,67790.0,67800.0,67710.0,67750.0,3721
2023-07-12 21:00:00+08:00,2308,68040.0,68270.0,68040.0,68240.0,12080
2023-07-12 21:15:00+08:00,2308,68240.0,68350.0,68220.0,68260.0,5004
2023-07-12 21:30:00+08:00,2308,68280.0,68310.0,68210.0,68220.0,2519
2023-07-12 21:45:00+08:00,2308,68230.0,68360.0,68230.0,68350.0,2517
2023-07-12 22:00:00+08:00,2308,68340.0,68460.0,68320.0,68430.0,4807
2023-07-12 22:15:00+08:00,2308,68420.0,68440.0,68280.0,68340.0,1736
2023-07-12 22:30:00+08:00,2308,68350.0,68430.0,68310.0,68410.0,1288
2023-07-12 22:45:00+08:00,2308,68420.0,68580.0,68400.0,68570.0,3839
2023-07-12 23:00:00+08:00,2308,68580.0,68710.0,68580.0,68620.0,5192
2023-07-12 23:15:00+08:00,2308,68630.0,68630.0,68530.0,68620.0,1095
2023-07-12 23:30:00+08:00,2308,68620.0,68630.0,68500.0,68550.0,1310
2023-07-12 23:45:00+08:00,2308,68540.0,68580.0,68520.0,68540.0,769
2023-07-13 00:00:00+08:00,2308,68540.0,68580.0,68500.0,68560.0,587
2023-07-13 00:15:00+08:00,2308,68550.0,68580.0,68530.0,68570.0,266
2023-07-13 00:30:00+08:00,2308,68570.0,68600.0,68530.0,68530.0,493
2023-07-13 00:45:00+08:00,2308,68530.0,68570.0,68500.0,68560.0,464
2023-07-13 09:00:00+08:00,2308,68580.0,68580.0,68460.0,68520.0,5098
2023-07-13 09:15:00+08:00,2308,68520.0,68520.0,68410.0,68430.0,3224
2023-07-13 09:30:00+08:00,2308,68440.0,68490.0,68410.0,68470.0,2910
2023-07-13 09:45:00+08:00,2308,68480.0,68590.0,68450.0,68580.0,2615
2023-07-13 10:00:00+08:00,2308,68590.0,68600.0,68500.0,68600.0,2864
2023-07-13 10:30:00+08:00,2308,68590.0,68600.0,68510.0,68530.0,2858
2023-07-13 10:45:00+08:00,2308,68530.0,68580.0,68510.0,68530.0,2452
2023-07-13 11:00:00+08:00,2308,68530.0,68620.0,68520.0,68620.0,2656
2023-07-13 11:15:00+08:00,2308,68610.0,68650.0,68580.0,68580.0,2596
2023-07-13 13:30:00+08:00,2308,68570.0,68600.0,68480.0,68580.0,4668
2023-07-13 13:45:00+08:00,2308,68590.0,68630.0,68500.0,68510.0,4494
2023-07-13 14:00:00+08:00,2308,68510.0,68540.0,68480.0,68500.0,2753
2023-07-13 14:15:00+08:00,2308,68510.0,68590.0,68500.0,68570.0,2966
2023-07-13 14:30:00+08:00,2308,68590.0,68650.0,68550.0,68620.0,3660
2023-07-13 14:45:00+08:00,2308,68610.0,68650.0,68560.0,68610.0,3993
2023-07-13 21:00:00+08:00,2308,68970.0,69250.0,68920.0,69160.0,11712
2023-07-13 21:15:00+08:00,2308,69160.0,69200.0,69080.0,69130.0,2860
2023-07-13 21:30:00+08:00,2308,69150.0,69260.0,69150.0,69230.0,3348
2023-07-13 21:45:00+08:00,2308,69240.0,69530.0,69240.0,69520.0,8529
2023-07-13 22:00:00+08:00,2308,69520.0,69590.0,69460.0,69520.0,4185
2023-07-13 22:15:00+08:00,2308,69520.0,69650.0,69510.0,69560.0,3178
2023-07-13 22:30:00+08:00,2308,69570.0,69730.0,69560.0,69610.0,4085
2023-07-13 22:45:00+08:00,2308,69630.0,69680.0,69560.0,69650.0,1959
2023-07-13 23:00:00+08:00,2308,69670.0,69670.0,69470.0,69540.0,2360
2023-07-13 23:15:00+08:00,2308,69550.0,69640.0,69550.0,69600.0,1203
2023-07-13 23:30:00+08:00,2308,69610.0,69640.0,69550.0,69620.0,655
2023-07-13 23:45:00+08:00,2308,69620.0,69640.0,69530.0,69570.0,884
2023-07-14 00:00:00+08:00,2308,69580.0,69630.0,69540.0,69600.0,606
2023-07-14 00:15:00+08:00,2308,69600.0,69650.0,69590.0,69620.0,326
2023-07-14 00:30:00+08:00,2308,69640.0,69640.0,69570.0,69570.0,435
2023-07-14 00:45:00+08:00,2308,69570.0,69610.0,69550.0,69580.0,689
2023-07-14 09:00:00+08:00,2308,69670.0,69710.0,69620.0,69660.0,5285
2023-07-14 09:15:00+08:00,2308,69670.0,69700.0,69580.0,69620.0,3885
2023-07-14 09:30:00+08:00,2308,69610.0,69660.0,69560.0,69630.0,4533
2023-07-14 09:45:00+08:00,2308,69620.0,69650.0,69580.0,69630.0,2747
2023-07-14 10:00:00+08:00,2308,69640.0,69670.0,69590.0,69630.0,3443
2023-07-14 10:30:00+08:00,2308,69630.0,69670.0,69600.0,69640.0,2951
2023-07-14 10:45:00+08:00,2308,69640.0,69650.0,69600.0,69610.0,2408
2023-07-14 11:00:00+08:00,2308,69610.0,69650.0,69590.0,69590.0,2223
2023-07-14 11:15:00+08:00,2308,69590.0,69600.0,69480.0,69490.0,4154
2023-07-14 13:30:00+08:00,2308,69400.0,69440.0,69350.0,69420.0,6302
2023-07-14 13:45:00+08:00,2308,69420.0,69450.0,69370.0,69440.0,3097
2023-07-14 14:00:00+08:00,2308,69440.0,69450.0,69380.0,69400.0,2797
2023-07-14 14:15:00+08:00,2308,69390.0,69430.0,69320.0,69320.0,3435
2023-07-14 14:30:00+08:00,2308,69330.0,69330.0,69240.0,69300.0,3878
2023-07-14 14:45:00+08:00,2308,69290.0,69300.0,69200.0,69290.0,4217
2023-07-14 21:00:00+08:00,2308,69480.0,69510.0,69350.0,69370.0,7419
2023-07-14 21:15:00+08:00,2308,69380.0,69490.0,69310.0,69470.0,2418
2023-07-14 21:30:00+08:00,2308,69470.0,69480.0,69230.0,69350.0,2746
2023-07-14 21:45:00+08:00,2308,69350.0,69500.0,69330.0,69470.0,2052
2023-07-14 22:00:00+08:00,2308,69410.0,69480.0,69380.0,69460.0,1748
2023-07-14 22:15:00+08:00,2308,69460.0,69540.0,69420.0,69480.0,2260
2023-07-14 22:30:00+08:00,2308,69480.0,69510.0,69430.0,69470.0,1308
2023-07-14 22:45:00+08:00,2308,69470.0,69490.0,69310.0,69330.0,3621
2023-07-14 23:00:00+08:00,2308,69340.0,69400.0,69260.0,69340.0,1992
2023-07-14 23:15:00+08:00,2308,69340.0,69420.0,69320.0,69390.0,1552
2023-07-14 23:30:00+08:00,2308,69400.0,69420.0,69290.0,69320.0,707
2023-07-14 23:45:00+08:00,2308,69320.0,69330.0,69240.0,69300.0,806
2023-07-15 00:00:00+08:00,2308,69300.0,69360.0,69290.0,69330.0,446
2023-07-15 00:15:00+08:00,2308,69340.0,69360.0,69310.0,69320.0,299
2023-07-15 00:30:00+08:00,2308,69330.0,69350.0,69280.0,69350.0,488
2023-07-15 00:45:00+08:00,2308,69350.0,69390.0,69330.0,69380.0,1115
2023-07-17 09:00:00+08:00,2308,69300.0,69320.0,69210.0,69240.0,5662
2023-07-17 09:15:00+08:00,2308,69240.0,69350.0,69240.0,69270.0,2274
2023-07-17 09:30:00+08:00,2308,69260.0,69270.0,69100.0,69120.0,4204
2023-07-17 09:45:00+08:00,2308,69110.0,69130.0,69050.0,69100.0,3261
2023-07-17 10:00:00+08:00,2308,69080.0,69180.0,69030.0,69170.0,3426
2023-07-17 10:30:00+08:00,2308,69180.0,69180.0,69100.0,69150.0,2252
2023-07-17 10:45:00+08:00,2308,69150.0,69160.0,69000.0,69050.0,3424
2023-07-17 11:00:00+08:00,2308,69050.0,69070.0,68980.0,68990.0,2639
2023-07-17 11:15:00+08:00,2308,68990.0,69010.0,68930.0,68960.0,2943
2023-07-17 13:30:00+08:00,2308,68950.0,69040.0,68890.0,68960.0,3616
2023-07-17 13:45:00+08:00,2308,68950.0,68970.0,68870.0,68900.0,2683
2023-07-17 14:00:00+08:00,2308,68890.0,68920.0,68860.0,68880.0,2630
2023-07-17 14:15:00+08:00,2308,68870.0,68900.0,68780.0,68840.0,2992
2023-07-17 14:30:00+08:00,2308,68840.0,68850.0,68730.0,68750.0,2756
2023-07-17 14:45:00+08:00,2308,68760.0,68820.0,68710.0,68740.0,4802
2023-07-17 21:00:00+08:00,2308,68270.0,68420.0,68210.0,68280.0,14049
2023-07-17 21:15:00+08:00,2308,68280.0,68360.0,68230.0,68280.0,4922
2023-07-17 21:30:00+08:00,2308,68280.0,68310.0,68130.0,68210.0,6321
2023-07-17 21:45:00+08:00,2308,68220.0,68320.0,68180.0,68290.0,2372
2023-07-17 22:00:00+08:00,2308,68310.0,68390.0,68290.0,68360.0,1690
2023-07-17 22:15:00+08:00,2308,68360.0,68400.0,68320.0,68330.0,1211
2023-07-17 22:30:00+08:00,2308,68340.0,68430.0,68310.0,68420.0,1625
2023-07-17 22:45:00+08:00,2308,68410.0,68530.0,68390.0,68480.0,2125
2023-07-17 23:00:00+08:00,2308,68490.0,68510.0,68450.0,68490.0,989
2023-07-17 23:15:00+08:00,2308,68490.0,68520.0,68460.0,68470.0,574
2023-07-17 23:30:00+08:00,2308,68460.0,68490.0,68430.0,68480.0,285
2023-07-17 23:45:00+08:00,2308,68480.0,68510.0,68440.0,68450.0,230
2023-07-18 00:00:00+08:00,2308,68450.0,68480.0,68430.0,68440.0,249
2023-07-18 00:15:00+08:00,2308,68450.0,68480.0,68430.0,68480.0,127
2023-07-18 00:30:00+08:00,2308,68460.0,68500.0,68440.0,68480.0,172
2023-07-18 00:45:00+08:00,2308,68490.0,68580.0,68490.0,68530.0,790
2023-07-18 09:00:00+08:00,2308,68450.0,68540.0,68440.0,68510.0,2926
2023-07-18 09:15:00+08:00,2308,68510.0,68630.0,68490.0,68600.0,3178
2023-07-18 09:30:00+08:00,2308,68600.0,68610.0,68480.0,68490.0,3406
2023-07-18 09:45:00+08:00,2308,68490.0,68570.0,68480.0,68560.0,2478
2023-07-18 10:00:00+08:00,2308,68570.0,68580.0,68480.0,68570.0,2639
2023-07-18 10:30:00+08:00,2308,68570.0,68650.0,68560.0,68630.0,2718
2023-07-18 10:45:00+08:00,2308,68620.0,68630.0,68570.0,68620.0,2049
2023-07-18 11:00:00+08:00,2308,68620.0,68620.0,68530.0,68560.0,2805
2023-07-18 11:15:00+08:00,2308,68570.0,68680.0,68550.0,68640.0,2730
2023-07-18 13:30:00+08:00,2308,68640.0,68690.0,68540.0,68550.0,2910
2023-07-18 13:45:00+08:00,2308,68550.0,68580.0,68520.0,68580.0,2169
2023-07-18 14:00:00+08:00,2308,68580.0,68580.0,68460.0,68480.0,3269
2023-07-18 14:15:00+08:00,2308,68470.0,68530.0,68430.0,68500.0,2092
2023-07-18 14:30:00+08:00,2308,68500.0,68510.0,68450.0,68500.0,1926
2023-07-18 14:45:00+08:00,2308,68500.0,68530.0,68480.0,68510.0,2690
2023-07-18 21:00:00+08:00,2308,68270.0,68440.0,68270.0,68410.0,7238
2023-07-18 21:15:00+08:00,2308,68410.0,68440.0,68330.0,68350.0,1767
2023-07-18 21:30:00+08:00,2308,68360.0,68400.0,68310.0,68400.0,1814
2023-07-18 21:45:00+08:00,2308,68400.0,68460.0,68390.0,68450.0,1391
2023-07-18 22:00:00+08:00,2308,68440.0,68500.0,68410.0,68440.0,1036
2023-07-18 22:15:00+08:00,2308,68440.0,68460.0,68400.0,68460.0,643
2023-07-18 22:30:00+08:00,2308,68460.0,68480.0,68430.0,68450.0,469
2023-07-18 22:45:00+08:00,2308,68450.0,68510.0,68430.0,68500.0,808
2023-07-18 23:00:00+08:00,2308,68500.0,68560.0,68490.0,68540.0,1029
2023-07-18 23:15:00+08:00,2308,68540.0,68560.0,68500.0,68520.0,439
2023-07-18 23:30:00+08:00,2308,68530.0,68530.0,68450.0,68510.0,655
2023-07-18 23:45:00+08:00,2308,68510.0,68580.0,68510.0,68560.0,367
2023-07-19 00:00:00+08:00,2308,68560.0,68620.0,68550.0,68570.0,391
2023-07-19 00:15:00+08:00,2308,68580.0,68580.0,68540.0,68560.0,163
2023-07-19 00:30:00+08:00,2308,68560.0,68570.0,68510.0,68510.0,252
2023-07-19 00:45:00+08:00,2308,68510.0,68600.0,68500.0,68570.0,459
2023-07-19 09:00:00+08:00,2308,68620.0,68620.0,68520.0,68550.0,2298
2023-07-19 09:15:00+08:00,2308,68540.0,68570.0,68510.0,68520.0,1934
2023-07-19 09:30:00+08:00,2308,68530.0,68580.0,68520.0,68560.0,1441
2023-07-19 09:45:00+08:00,2308,68560.0,68570.0,68530.0,68540.0,1474
2023-07-19 10:00:00+08:00,2308,68540.0,68560.0,68430.0,68450.0,3511
2023-07-19 10:30:00+08:00,2308,68440.0,68470.0,68400.0,68450.0,2992
2023-07-19 10:45:00+08:00,2308,68450.0,68480.0,68400.0,68400.0,2203
2023-07-19 11:00:00+08:00,2308,68410.0,68480.0,68380.0,68460.0,2219
2023-07-19 11:15:00+08:00,2308,68470.0,68480.0,68440.0,68470.0,1289
2023-07-19 13:30:00+08:00,2308,68470.0,68490.0,68410.0,68460.0,3115
2023-07-19 13:45:00+08:00,2308,68460.0,68580.0,68450.0,68550.0,2224
2023-07-19 14:00:00+08:00,2308,68550.0,68580.0,68520.0,68560.0,2528
2023-07-19 14:15:00+08:00,2308,68540.0,68550.0,68470.0,68530.0,1937
2023-07-19 14:30:00+08:00,2308,68530.0,68540.0,68490.0,68500.0,2085
2023-07-19 14:45:00+08:00,2308,68520.0,68790.0,68500.0,68760.0,4347
2023-07-19 21:00:00+08:00,2308,68450.0,68610.0,68450.0,68560.0,5892
2023-07-19 21:15:00+08:00,2308,68560.0,68590.0,68450.0,68510.0,2329
2023-07-19 21:30:00+08:00,2308,68500.0,68620.0,68490.0,68580.0,2010
2023-07-19 21:45:00+08:00,2308,68580.0,68610.0,68540.0,68560.0,1005
2023-07-19 22:00:00+08:00,2308,68560.0,68630.0,68530.0,68570.0,1377
2023-07-19 22:15:00+08:00,2308,68570.0,68600.0,68460.0,68480.0,2064
2023-07-19 22:30:00+08:00,2308,68490.0,68490.0,68340.0,68380.0,3805
2023-07-19 22:45:00+08:00,2308,68380.0,68470.0,68370.0,68430.0,1295
2023-07-19 23:00:00+08:00,2308,68430.0,68480.0,68400.0,68460.0,852
2023-07-19 23:15:00+08:00,2308,68450.0,68560.0,68440.0,68560.0,868
2023-07-19 23:30:00+08:00,2308,68560.0,68560.0,68480.0,68530.0,488
2023-07-19 23:45:00+08:00,2308,68520.0,68580.0,68520.0,68520.0,546
2023-07-20 00:00:00+08:00,2308,68520.0,68560.0,68510.0,68520.0,186
2023-07-20 00:15:00+08:00,2308,68520.0,68560.0,68520.0,68530.0,128
2023-07-20 00:30:00+08:00,2308,68540.0,68570.0,68510.0,68560.0,219
2023-07-20 00:45:00+08:00,2308,68560.0,68600.0,68560.0,68560.0,602
2023-07-20 09:00:00+08:00,2308,68590.0,68700.0,68590.0,68660.0,3866
2023-07-20 09:15:00+08:00,2308,68660.0,68730.0,68620.0,68680.0,2511
2023-07-20 09:30:00+08:00,2308,68680.0,68720.0,68580.0,68610.0,2327
2023-07-20 09:45:00+08:00,2308,68610.0,68620.0,68540.0,68570.0,2438
2023-07-20 10:00:00+08:00,2308,68560.0,68600.0,68460.0,68510.0,3274
2023-07-20 10:30:00+08:00,2308,68500.0,68520.0,68410.0,68430.0,3518
2023-07-20 10:45:00+08:00,2308,68430.0,68520.0,68430.0,68520.0,2406
2023-07-20 11:00:00+08:00,2308,68510.0,68520.0,68430.0,68470.0,2395
2023-07-20 11:15:00+08:00,2308,68470.0,68520.0,68440.0,68480.0,2395
2023-07-20 13:30:00+08:00,2308,68490.0,68580.0,68470.0,68570.0,2678
2023-07-20 13:45:00+08:00,2308,68580.0,68610.0,68500.0,68530.0,2825
2023-07-20 14:00:00+08:00,2308,68520.0,68570.0,68480.0,68500.0,2670
2023-07-20 14:15:00+08:00,2308,68500.0,68540.0,68480.0,68530.0,1479
2023-07-20 14:30:00+08:00,2308,68530.0,68530.0,68470.0,68500.0,1833
2023-07-20 14:45:00+08:00,2308,68510.0,68530.0,68440.0,68500.0,2618
2023-07-20 21:00:00+08:00,2308,68960.0,68970.0,68800.0,68840.0,6911
2023-07-20 21:15:00+08:00,2308,68830.0,68870.0,68820.0,68820.0,1645
2023-07-20 21:30:00+08:00,2308,68830.0,68840.0,68650.0,68670.0,3070
2023-07-20 21:45:00+08:00,2308,68680.0,68760.0,68650.0,68720.0,1789
2023-07-20 22:00:00+08:00,2308,68730.0,68800.0,68680.0,68710.0,1180
2023-07-20 22:15:00+08:00,2308,68700.0,68710.0,68620.0,68640.0,867
2023-07-20 22:30:00+08:00,2308,68630.0,68660.0,68500.0,68520.0,1914
2023-07-20 22:45:00+08:00,2308,68520.0,68610.0,68510.0,68560.0,1152
2023-07-20 23:00:00+08:00,2308,68570.0,68630.0,68560.0,68580.0,680
2023-07-20 23:15:00+08:00,2308,68580.0,68600.0,68550.0,68550.0,341
2023-07-20 23:30:00+08:00,2308,68540.0,68590.0,68500.0,68510.0,738
2023-07-20 23:45:00+08:00,2308,68510.0,68570.0,68500.0,68570.0,438
2023-07-21 00:00:00+08:00,2308,68570.0,68570.0,68460.0,68480.0,493
2023-07-21 00:15:00+08:00,2308,68480.0,68500.0,68430.0,68490.0,640
2023-07-21 00:30:00+08:00,2308,68490.0,68500.0,68430.0,68450.0,343
2023-07-21 00:45:00+08:00,2308,68440.0,68500.0,68430.0,68460.0,448
2023-07-21 09:00:00+08:00,2308,68400.0,68480.0,68380.0,68400.0,4472
2023-07-21 09:15:00+08:00,2308,68420.0,68500.0,68370.0,68480.0,2842
2023-07-21 09:30:00+08:00,2308,68490.0,68570.0,68470.0,68500.0,2808
2023-07-21 09:45:00+08:00,2308,68500.0,68570.0,68470.0,68570.0,1918
2023-07-21 10:00:00+08:00,2308,68570.0,68610.0,68530.0,68560.0,2123
2023-07-21 10:30:00+08:00,2308,68570.0,68620.0,68550.0,68610.0,3583
2023-07-21 10:45:00+08:00,2308,68610.0,68680.0,68600.0,68660.0,2662
2023-07-21 11:00:00+08:00,2308,68670.0,68690.0,68590.0,68600.0,2692
2023-07-21 11:15:00+08:00,2308,68600.0,68610.0,68530.0,68570.0,2140
2023-07-21 13:30:00+08:00,2308,68550.0,68600.0,68520.0,68590.0,2452
2023-07-21 13:45:00+08:00,2308,68590.0,68610.0,68530.0,68600.0,1394
2023-07-21 14:00:00+08:00,2308,68610.0,68690.0,68600.0,68670.0,1705
2023-07-21 14:15:00+08:00,2308,68680.0,68750.0,68660.0,68740.0,2339
2023-07-21 14:30:00+08:00,2308,68740.0,68750.0,68680.0,68710.0,1947
2023-07-21 14:45:00+08:00,2308,68710.0,68800.0,68700.0,68720.0,2986
2023-07-21 21:00:00+08:00,2308,68410.0,68470.0,68350.0,68380.0,7922
2023-07-21 21:15:00+08:00,2308,68390.0,68500.0,68370.0,68380.0,2461
2023-07-21 21:30:00+08:00,2308,68380.0,68440.0,68350.0,68390.0,2219
2023-07-21 21:45:00+08:00,2308,68390.0,68390.0,68290.0,68310.0,3701
2023-07-21 22:00:00+08:00,2308,68300.0,68350.0,68250.0,68340.0,2389
2023-07-21 22:15:00+08:00,2308,68330.0,68380.0,68300.0,68310.0,973
2023-07-21 22:30:00+08:00,2308,68320.0,68380.0,68310.0,68340.0,748
2023-07-21 22:45:00+08:00,2308,68330.0,68400.0,68320.0,68370.0,968
2023-07-21 23:00:00+08:00,2308,68360.0,68390.0,68330.0,68360.0,393
2023-07-21 23:15:00+08:00,2308,68340.0,68390.0,68340.0,68370.0,324
2023-07-21 23:30:00+08:00,2308,68370.0,68410.0,68360.0,68410.0,269
2023-07-21 23:45:00+08:00,2308,68410.0,68440.0,68330.0,68350.0,427
2023-07-22 00:00:00+08:00,2308,68350.0,68370.0,68340.0,68340.0,210
2023-07-22 00:15:00+08:00,2308,68340.0,68390.0,68340.0,68380.0,168
2023-07-22 00:30:00+08:00,2308,68390.0,68390.0,68350.0,68370.0,126
2023-07-22 00:45:00+08:00,2308,68370.0,68410.0,68340.0,68380.0,684
2023-07-24 09:00:00+08:00,2308,68450.0,68490.0,68280.0,68310.0,4940
2023-07-24 09:15:00+08:00,2308,68310.0,68370.0,68260.0,68310.0,3150
2023-07-24 09:30:00+08:00,2308,68300.0,68460.0,68300.0,68450.0,2713
2023-07-24 09:45:00+08:00,2308,68460.0,68490.0,68410.0,68470.0,2530
2023-07-24 10:00:00+08:00,2308,68470.0,68530.0,68420.0,68440.0,2485
2023-07-24 10:30:00+08:00,2308,68440.0,68490.0,68430.0,68490.0,1882
2023-07-24 10:45:00+08:00,2308,68490.0,68500.0,68440.0,68460.0,2502
2023-07-24 11:00:00+08:00,2308,68460.0,68480.0,68400.0,68410.0,2559
2023-07-24 11:15:00+08:00,2308,68400.0,68450.0,68400.0,68430.0,1444
2023-07-24 13:30:00+08:00,2308,68390.0,68420.0,68340.0,68410.0,3770
2023-07-24 13:45:00+08:00,2308,68400.0,68420.0,68330.0,68370.0,2677
2023-07-24 14:00:00+08:00,2308,68370.0,68370.0,68270.0,68310.0,3503
2023-07-24 14:15:00+08:00,2308,68310.0,68330.0,68260.0,68260.0,2124
2023-07-24 14:30:00+08:00,2308,68270.0,68310.0,68250.0,68270.0,2971
2023-07-24 14:45:00+08:00,2308,68270.0,68340.0,68270.0,68290.0,2689
2023-07-24 21:00:00+08:00,2308,68290.0,68420.0,68260.0,68400.0,5978
2023-07-24 21:15:00+08:00,2308,68390.0,68450.0,68330.0,68450.0,2236
2023-07-24 21:30:00+08:00,2308,68450.0,68490.0,68400.0,68470.0,1358
2023-07-24 21:45:00+08:00,2308,68430.0,68510.0,68410.0,68450.0,1303
2023-07-24 22:00:00+08:00,2308,68450.0,68510.0,68400.0,68410.0,1029
2023-07-24 22:15:00+08:00,2308,68410.0,68480.0,68400.0,68470.0,626
2023-07-24 22:30:00+08:00,2308,68490.0,68700.0,68470.0,68690.0,2077
2023-07-24 22:45:00+08:00,2308,68690.0,68800.0,68610.0,68740.0,2222
2023-07-24 23:00:00+08:00,2308,68750.0,68890.0,68730.0,68850.0,1622
2023-07-24 23:15:00+08:00,2308,68860.0,68860.0,68760.0,68790.0,732
2023-07-24 23:30:00+08:00,2308,68800.0,68850.0,68750.0,68760.0,538
2023-07-24 23:45:00+08:00,2308,68750.0,68870.0,68740.0,68870.0,422
2023-07-25 00:00:00+08:00,2308,68870.0,68890.0,68820.0,68850.0,373
2023-07-25 00:15:00+08:00,2308,68830.0,68850.0,68810.0,68820.0,128
2023-07-25 00:30:00+08:00,2308,68830.0,68850.0,68800.0,68830.0,83
2023-07-25 00:45:00+08:00,2308,68830.0,68850.0,68790.0,68850.0,412
2023-07-25 09:00:00+08:00,2308,68790.0,68840.0,68730.0,68810.0,3827
2023-07-25 09:15:00+08:00,2308,68810.0,68820.0,68730.0,68800.0,2048
2023-07-25 09:30:00+08:00,2308,68800.0,68830.0,68750.0,68770.0,3488
2023-07-25 09:45:00+08:00,2308,68760.0,68810.0,68760.0,68790.0,2016
2023-07-25 10:00:00+08:00,2308,68800.0,68800.0,68740.0,68760.0,1950
2023-07-25 10:30:00+08:00,2308,68760.0,68870.0,68760.0,68850.0,4314
2023-07-25 10:45:00+08:00,2308,68840.0,69050.0,68830.0,69040.0,5094
2023-07-25 11:00:00+08:00,2308,69040.0,69080.0,68990.0,69010.0,3563
2023-07-25 11:15:00+08:00,2308,69020.0,69020.0,68920.0,68930.0,3691
2023-07-25 13:30:00+08:00,2308,68950.0,69030.0,68950.0,68970.0,2695
2023-07-25 13:45:00+08:00,2308,68990.0,69040.0,68970.0,68990.0,1937
2023-07-25 14:00:00+08:00,2308,68980.0,69010.0,68960.0,68960.0,1359
2023-07-25 14:15:00+08:00,2308,68960.0,69020.0,68940.0,69020.0,1340
2023-07-25 14:30:00+08:00,2308,69020.0,69100.0,69000.0,69080.0,2078
2023-07-25 14:45:00+08:00,2308,69070.0,69090.0,68990.0,69040.0,3101
2023-07-25 21:00:00+08:00,2308,69240.0,69360.0,69160.0,69300.0,8429
2023-07-25 21:15:00+08:00,2308,69300.0,69400.0,69270.0,69390.0,1777
2023-07-25 21:30:00+08:00,2308,69380.0,69440.0,69340.0,69340.0,1885
2023-07-25 21:45:00+08:00,2308,69360.0,69370.0,69300.0,69340.0,1339
2023-07-25 22:00:00+08:00,2308,69330.0,69390.0,69320.0,69370.0,983
2023-07-25 22:15:00+08:00,2308,69370.0,69400.0,69300.0,69310.0,796
2023-07-25 22:30:00+08:00,2308,69310.0,69340.0,69270.0,69330.0,592
2023-07-25 22:45:00+08:00,2308,69340.0,69360.0,69280.0,69360.0,583
2023-07-25 23:00:00+08:00,2308,69350.0,69370.0,69330.0,69360.0,136
2023-07-25 23:15:00+08:00,2308,69350.0,69350.0,69310.0,69330.0,238
2023-07-25 23:30:00+08:00,2308,69330.0,69360.0,69320.0,69340.0,148
2023-07-25 23:45:00+08:00,2308,69320.0,69350.0,69300.0,69340.0,145
2023-07-26 00:00:00+08:00,2308,69340.0,69340.0,69280.0,69310.0,129
2023-07-26 00:15:00+08:00,2308,69310.0,69320.0,69290.0,69320.0,63
2023-07-26 00:30:00+08:00,2308,69310.0,69320.0,69270.0,69290.0,52
2023-07-26 00:45:00+08:00,2308,69280.0,69320.0,69270.0,69310.0,574
2023-07-26 09:00:00+08:00,2308,69270.0,69330.0,69230.0,69240.0,2264
2023-07-26 09:15:00+08:00,2308,69240.0,69280.0,69200.0,69260.0,1187
2023-07-26 09:30:00+08:00,2308,69260.0,69260.0,69180.0,69190.0,1854
2023-07-26 09:45:00+08:00,2308,69190.0,69210.0,69120.0,69120.0,2641
2023-07-26 10:00:00+08:00,2308,69120.0,69170.0,69090.0,69110.0,2065
2023-07-26 10:30:00+08:00,2308,69110.0,69180.0,69090.0,69170.0,1891
2023-07-26 10:45:00+08:00,2308,69170.0,69210.0,69140.0,69210.0,2686
2023-07-26 11:00:00+08:00,2308,69210.0,69240.0,69180.0,69220.0,1998
2023-07-26 11:15:00+08:00,2308,69220.0,69220.0,69120.0,69150.0,1608
2023-07-26 13:30:00+08:00,2308,69150.0,69160.0,69070.0,69080.0,2892
2023-07-26 13:45:00+08:00,2308,69080.0,69120.0,69010.0,69050.0,2702
2023-07-26 14:00:00+08:00,2308,69050.0,69160.0,69040.0,69140.0,2320
2023-07-26 14:15:00+08:00,2308,69140.0,69180.0,69100.0,69180.0,1560
2023-07-26 14:30:00+08:00,2308,69170.0,69200.0,69120.0,69140.0,1913
2023-07-26 14:45:00+08:00,2308,69130.0,69200.0,69120.0,69200.0,2477
2023-07-26 21:00:00+08:00,2308,69000.0,69040.0,68880.0,68970.0,2665
2023-07-26 21:15:00+08:00,2308,68950.0,69010.0,68930.0,69000.0,784
2023-07-26 21:30:00+08:00,2308,69010.0,69140.0,68980.0,69100.0,1527
2023-07-26 21:45:00+08:00,2308,69090.0,69120.0,69050.0,69100.0,386
2023-07-26 22:00:00+08:00,2308,69100.0,69160.0,69080.0,69130.0,327
2023-07-26 22:15:00+08:00,2308,69130.0,69140.0,69090.0,69130.0,771
2023-07-26 22:30:00+08:00,2308,69130.0,69140.0,69060.0,69100.0,364
2023-07-26 22:45:00+08:00,2308,69100.0,69190.0,69080.0,69120.0,449
2023-07-26 23:00:00+08:00,2308,69130.0,69200.0,69130.0,69170.0,519
2023-07-26 23:15:00+08:00,2308,69180.0,69220.0,69150.0,69180.0,820
2023-07-26 23:30:00+08:00,2308,69170.0,69230.0,69150.0,69200.0,375
2023-07-26 23:45:00+08:00,2308,69190.0,69200.0,69140.0,69160.0,110
2023-07-27 00:00:00+08:00,2308,69150.0,69180.0,69150.0,69160.0,23
2023-07-27 00:15:00+08:00,2308,69160.0,69180.0,69160.0,69160.0,10
2023-07-27 00:30:00+08:00,2308,69170.0,69190.0,69150.0,69180.0,97
2023-07-27 00:45:00+08:00,2308,69180.0,69190.0,69130.0,69170.0,243
2023-07-27 09:00:00+08:00,2308,69200.0,69390.0,69200.0,69340.0,2213
2023-07-27 09:15:00+08:00,2308,69340.0,69340.0,69260.0,69330.0,1138
2023-07-27 09:30:00+08:00,2308,69330.0,69380.0,69270.0,69340.0,1392
2023-07-27 09:45:00+08:00,2308,69350.0,69400.0,69300.0,69390.0,1498
2023-07-27 10:00:00+08:00,2308,69400.0,69490.0,69380.0,69440.0,2231
2023-07-27 10:30:00+08:00,2308,69440.0,69500.0,69420.0,69480.0,2591
2023-07-27 10:45:00+08:00,2308,69480.0,69490.0,69400.0,69400.0,2538
2023-07-27 11:00:00+08:00,2308,69400.0,69450.0,69400.0,69440.0,1630
2023-07-27 11:15:00+08:00,2308,69440.0,69440.0,69390.0,69390.0,1742
2023-07-27 13:30:00+08:00,2308,69350.0,69370.0,69280.0,69330.0,3379
2023-07-27 13:45:00+08:00,2308,69320.0,69360.0,69260.0,69280.0,1954
2023-07-27 14:00:00+08:00,2308,69280.0,69290.0,69190.0,69230.0,1754
2023-07-27 14:15:00+08:00,2308,69240.0,69280.0,69160.0,69170.0,1408
2023-07-27 14:30:00+08:00,2308,69180.0,69270.0,69170.0,69170.0,1230
2023-07-27 14:45:00+08:00,2308,69170.0,69180.0,69030.0,69060.0,2449
2023-07-27 21:00:00+08:00,2308,68960.0,69040.0,68910.0,69000.0,2184
2023-07-27 21:15:00+08:00,2308,69010.0,69010.0,68930.0,68990.0,1009
2023-07-27 21:30:00+08:00,2308,68970.0,68990.0,68790.0,68860.0,2918
2023-07-27 21:45:00+08:00,2308,68850.0,68910.0,68830.0,68860.0,902
2023-07-27 22:00:00+08:00,2308,68860.0,68970.0,68860.0,68920.0,585
2023-07-27 22:15:00+08:00,2308,68930.0,68930.0,68860.0,68900.0,234
2023-07-27 22:30:00+08:00,2308,68900.0,68920.0,68880.0,68880.0,171
2023-07-27 22:45:00+08:00,2308,68900.0,68910.0,68850.0,68910.0,190
2023-07-27 23:00:00+08:00,2308,68910.0,68960.0,68890.0,68940.0,116
2023-07-27 23:15:00+08:00,2308,68930.0,68960.0,68910.0,68960.0,51
2023-07-27 23:30:00+08:00,2308,68960.0,68980.0,68940.0,68950.0,145
2023-07-27 23:45:00+08:00,2308,68960.0,68960.0,68930.0,68960.0,49
2023-07-28 00:00:00+08:00,2308,68950.0,68980.0,68930.0,68930.0,85
2023-07-28 00:15:00+08:00,2308,68940.0,68960.0,68920.0,68950.0,32
2023-07-28 00:30:00+08:00,2308,68950.0,68950.0,68930.0,68930.0,21
2023-07-28 00:45:00+08:00,2308,68950.0,68980.0,68930.0,68980.0,57
2023-07-28 09:00:00+08:00,2308,68840.0,68880.0,68800.0,68830.0,2538
2023-07-28 09:15:00+08:00,2308,68820.0,68910.0,68820.0,68860.0,954
2023-07-28 09:30:00+08:00,2308,68860.0,68940.0,68830.0,68910.0,1439
2023-07-28 09:45:00+08:00,2308,68910.0,68950.0,68870.0,68900.0,1403
2023-07-28 10:00:00+08:00,2308,68890.0,68900.0,68800.0,68820.0,2004
2023-07-28 10:30:00+08:00,2308,68870.0,68890.0,68820.0,68880.0,1878
2023-07-28 10:45:00+08:00,2308,68880.0,68910.0,68850.0,68910.0,1940
2023-07-28 11:00:00+08:00,2308,68910.0,68930.0,68900.0,68920.0,1116
2023-07-28 11:15:00+08:00,2308,68910.0,68970.0,68900.0,68970.0,1471
2023-07-28 13:30:00+08:00,2308,68970.0,69090.0,68950.0,69040.0,2869
2023-07-28 13:45:00+08:00,2308,69050.0,69080.0,69040.0,69080.0,1339
2023-07-28 14:00:00+08:00,2308,69050.0,69060.0,69010.0,69020.0,1218
2023-07-28 14:15:00+08:00,2308,69020.0,69080.0,69010.0,69050.0,766
2023-07-28 14:30:00+08:00,2308,69050.0,69140.0,69050.0,69130.0,1034
2023-07-28 14:45:00+08:00,2308,69130.0,69210.0,69100.0,69200.0,2026
2023-07-28 21:00:00+08:00,2308,69250.0,69470.0,69250.0,69410.0,3670
2023-07-28 21:15:00+08:00,2308,69400.0,69460.0,69390.0,69410.0,318
2023-07-28 21:30:00+08:00,2308,69420.0,69420.0,69300.0,69360.0,657
2023-07-28 21:45:00+08:00,2308,69340.0,69440.0,69340.0,69410.0,163
2023-07-28 22:00:00+08:00,2308,69430.0,69450.0,69410.0,69410.0,269
2023-07-28 22:15:00+08:00,2308,69400.0,69440.0,69390.0,69420.0,207
2023-07-28 22:30:00+08:00,2308,69410.0,69420.0,69360.0,69370.0,190
2023-07-28 22:45:00+08:00,2308,69370.0,69400.0,69350.0,69390.0,136
2023-07-28 23:00:00+08:00,2308,69380.0,69440.0,69370.0,69420.0,109
2023-07-28 23:15:00+08:00,2308,69410.0,69430.0,69400.0,69410.0,39
2023-07-28 23:30:00+08:00,2308,69420.0,69450.0,69420.0,69430.0,97
2023-07-28 23:45:00+08:00,2308,69430.0,69470.0,69430.0,69470.0,150
2023-07-29 00:00:00+08:00,2308,69480.0,69490.0,69430.0,69450.0,171
2023-07-29 00:15:00+08:00,2308,69450.0,69520.0,69450.0,69510.0,142
2023-07-29 00:30:00+08:00,2308,69500.0,69590.0,69500.0,69590.0,296
2023-07-29 00:45:00+08:00,2308,69590.0,69600.0,69480.0,69560.0,301
2023-07-31 09:00:00+08:00,2308,69560.0,69620.0,69430.0,69530.0,2343
2023-07-31 09:15:00+08:00,2308,69520.0,69580.0,69470.0,69520.0,1862
2023-07-31 09:30:00+08:00,2308,69520.0,69850.0,69520.0,69780.0,2830
2023-07-31 09:45:00+08:00,2308,69790.0,69810.0,69680.0,69690.0,2271
2023-07-31 10:00:00+08:00,2308,69680.0,69690.0,69600.0,69640.0,1405
2023-07-31 10:30:00+08:00,2308,69620.0,69620.0,69550.0,69610.0,2430
2023-07-31 10:45:00+08:00,2308,69610.0,69610.0,69550.0,69550.0,2111
2023-07-31 11:00:00+08:00,2308,69550.0,69580.0,69520.0,69570.0,1575
2023-07-31 11:15:00+08:00,2308,69570.0,69600.0,69540.0,69560.0,771
2023-07-31 13:30:00+08:00,2308,69500.0,69610.0,69500.0,69600.0,2557
2023-07-31 13:45:00+08:00,2308,69600.0,69650.0,69600.0,69600.0,2574
2023-07-31 14:00:00+08:00,2308,69610.0,69670.0,69600.0,69670.0,2385
2023-07-31 14:15:00+08:00,2308,69670.0,69710.0,69650.0,69710.0,1821
2023-07-31 14:30:00+08:00,2308,69690.0,69740.0,69690.0,69740.0,1394
2023-07-31 14:45:00+08:00,2308,69740.0,69740.0,69680.0,69710.0,1798
2023-07-31 21:00:00+08:00,2308,70260.0,70410.0,70260.0,70360.0,2105
2023-07-31 21:15:00+08:00,2308,70370.0,70450.0,70200.0,70230.0,1045
2023-07-31 21:30:00+08:00,2308,70220.0,70300.0,70220.0,70290.0,205
2023-07-31 21:45:00+08:00,2308,70300.0,70400.0,70300.0,70350.0,450
2023-07-31 22:00:00+08:00,2308,70380.0,70440.0,70370.0,70420.0,450
2023-07-31 22:15:00+08:00,2308,70430.0,70430.0,70370.0,70430.0,190
2023-07-31 22:30:00+08:00,2308,70440.0,70490.0,70400.0,70440.0,470
2023-07-31 22:45:00+08:00,2308,70450.0,70550.0,70400.0,70550.0,1025
2023-07-31 23:00:00+08:00,2308,70540.0,70560.0,70490.0,70560.0,260
2023-07-31 23:15:00+08:00,2308,70540.0,70600.0,70530.0,70600.0,120
2023-07-31 23:30:00+08:00,2308,70660.0,70700.0,70660.0,70680.0,220
2023-07-31 23:45:00+08:00,2308,70700.0,70710.0,70610.0,70660.0,135
2023-08-01 00:00:00+08:00,2308,70620.0,70660.0,70570.0,70570.0,80
2023-08-01 00:15:00+08:00,2308,70580.0,70590.0,70560.0,70590.0,40
2023-08-01 00:30:00+08:00,2308,70630.0,70630.0,70630.0,70630.0,5
2023-08-01 00:45:00+08:00,2308,70670.0,70670.0,70650.0,70650.0,10
2023-08-01 09:00:00+08:00,2308,70670.0,70800.0,70670.0,70790.0,1795
2023-08-01 09:15:00+08:00,2308,70780.0,71050.0,70770.0,71020.0,3355
2023-08-01 09:30:00+08:00,2308,71010.0,71010.0,70810.0,70820.0,1960
2023-08-01 09:45:00+08:00,2308,70820.0,70940.0,70790.0,70900.0,1265
2023-08-01 10:00:00+08:00,2308,70880.0,70880.0,70800.0,70830.0,1300
2023-08-01 10:30:00+08:00,2308,70820.0,70830.0,70740.0,70760.0,2153
2023-08-01 10:45:00+08:00,2308,70760.0,70760.0,70690.0,70740.0,1730
2023-08-01 11:00:00+08:00,2308,70740.0,70810.0,70740.0,70800.0,1395
2023-08-01 11:15:00+08:00,2308,70800.0,70840.0,70780.0,70780.0,950
2023-08-01 13:30:00+08:00,2308,70750.0,70750.0,70680.0,70700.0,2475
2023-08-01 13:45:00+08:00,2308,70690.0,70760.0,70690.0,70700.0,1185
2023-08-01 14:00:00+08:00,2308,70700.0,70730.0,70690.0,70710.0,1210
2023-08-01 14:15:00+08:00,2308,70710.0,70720.0,70670.0,70690.0,1230
2023-08-01 14:30:00+08:00,2308,70680.0,70720.0,70680.0,70710.0,750
2023-08-01 14:45:00+08:00,2308,70710.0,70760.0,70710.0,70730.0,905
2023-08-01 21:00:00+08:00,2308,70440.0,70440.0,70100.0,70170.0,1755
2023-08-01 21:15:00+08:00,2308,70210.0,70210.0,70010.0,70100.0,1100
2023-08-01 21:30:00+08:00,2308,70080.0,70090.0,69960.0,70070.0,630
2023-08-01 21:45:00+08:00,2308,70080.0,70130.0,70050.0,70080.0,300
2023-08-01 22:00:00+08:00,2308,70100.0,70200.0,70080.0,70110.0,265
2023-08-01 22:15:00+08:00,2308,70100.0,70100.0,69990.0,70020.0,545
2023-08-01 22:30:00+08:00,2308,70000.0,70060.0,69990.0,70040.0,150
2023-08-01 22:45:00+08:00,2308,70030.0,70120.0,70020.0,70100.0,135
2023-08-01 23:00:00+08:00,2308,70080.0,70080.0,69980.0,70010.0,130
2023-08-01 23:15:00+08:00,2308,69970.0,69970.0,69860.0,69860.0,605
2023-08-01 23:30:00+08:00,2308,69920.0,69930.0,69850.0,69860.0,380
2023-08-01 23:45:00+08:00,2308,69840.0,69840.0,69800.0,69810.0,325
2023-08-02 00:00:00+08:00,2308,69810.0,69840.0,69790.0,69840.0,30
2023-08-02 00:45:00+08:00,2308,69840.0,69840.0,69810.0,69810.0,20
2023-08-02 09:00:00+08:00,2308,69800.0,69980.0,69800.0,69910.0,1015
2023-08-02 09:15:00+08:00,2308,69930.0,69990.0,69910.0,69930.0,1045
2023-08-02 09:30:00+08:00,2308,69930.0,69960.0,69870.0,69940.0,1190
2023-08-02 09:45:00+08:00,2308,69950.0,69980.0,69940.0,69960.0,775
2023-08-02 10:00:00+08:00,2308,69950.0,69960.0,69900.0,69930.0,605
2023-08-02 10:30:00+08:00,2308,69910.0,69910.0,69850.0,69880.0,1445
2023-08-02 10:45:00+08:00,2308,69880.0,69890.0,69800.0,69810.0,1760
2023-08-02 11:00:00+08:00,2308,69810.0,69830.0,69640.0,69680.0,1420
2023-08-02 11:15:00+08:00,2308,69680.0,69750.0,69660.0,69750.0,1090
2023-08-02 13:30:00+08:00,2308,69710.0,69750.0,69660.0,69720.0,1675
2023-08-02 13:45:00+08:00,2308,69700.0,69750.0,69650.0,69670.0,1135
2023-08-02 14:00:00+08:00,2308,69670.0,69670.0,69610.0,69630.0,955
2023-08-02 14:15:00+08:00,2308,69630.0,69630.0,69570.0,69570.0,1650
2023-08-02 14:30:00+08:00,2308,69590.0,69620.0,69580.0,69620.0,585
2023-08-02 14:45:00+08:00,2308,69620.0,69640.0,69510.0,69530.0,790
2023-08-02 21:00:00+08:00,2308,69250.0,69340.0,69180.0,69320.0,1700
2023-08-02 21:15:00+08:00,2308,69320.0,69350.0,69280.0,69280.0,640
2023-08-02 21:30:00+08:00,2308,69280.0,69290.0,69210.0,69260.0,630
2023-08-02 21:45:00+08:00,2308,69260.0,69310.0,69250.0,69270.0,365
2023-08-02 22:00:00+08:00,2308,69270.0,69280.0,69180.0,69180.0,1195
2023-08-02 22:15:00+08:00,2308,69170.0,69170.0,69080.0,69100.0,1525
2023-08-02 22:30:00+08:00,2308,69140.0,69160.0,68930.0,68930.0,1720
2023-08-02 22:45:00+08:00,2308,68930.0,69030.0,68920.0,68940.0,260
2023-08-02 23:00:00+08:00,2308,68970.0,69100.0,68970.0,69040.0,110
2023-08-02 23:15:00+08:00,2308,69050.0,69120.0,69040.0,69090.0,140
2023-08-02 23:30:00+08:00,2308,69090.0,69100.0,69030.0,69050.0,240
2023-08-02 23:45:00+08:00,2308,69050.0,69070.0,68960.0,68960.0,585
2023-08-03 00:00:00+08:00,2308,68950.0,68960.0,68950.0,68960.0,20
2023-08-03 00:15:00+08:00,2308,68950.0,68950.0,68950.0,68950.0,10
2023-08-03 00:30:00+08:00,2308,68950.0,68980.0,68920.0,68980.0,230
2023-08-03 00:45:00+08:00,2308,69010.0,69040.0,68960.0,68990.0,140
2023-08-03 09:00:00+08:00,2308,69050.0,69190.0,69050.0,69130.0,1420
2023-08-03 09:15:00+08:00,2308,69140.0,69150.0,69080.0,69100.0,835
2023-08-03 09:30:00+08:00,2308,69120.0,69160.0,69100.0,69160.0,1070
2023-08-03 09:45:00+08:00,2308,69170.0,69210.0,69150.0,69160.0,1040
2023-08-03 10:00:00+08:00,2308,69160.0,69170.0,69100.0,69140.0,1235
2023-08-03 10:30:00+08:00,2308,69170.0,69170.0,69120.0,69140.0,1845
2023-08-03 10:45:00+08:00,2308,69150.0,69150.0,69090.0,69100.0,1440
2023-08-03 11:00:00+08:00,2308,69100.0,69140.0,69070.0,69140.0,1300
2023-08-03 11:15:00+08:00,2308,69140.0,69140.0,69080.0,69090.0,835
2023-08-03 13:30:00+08:00,2308,69130.0,69210.0,69090.0,69130.0,1770
2023-08-03 13:45:00+08:00,2308,69130.0,69160.0,69110.0,69160.0,955
2023-08-03 14:00:00+08:00,2308,69150.0,69160.0,69100.0,69110.0,1255
2023-08-03 14:15:00+08:00,2308,69100.0,69120.0,69080.0,69100.0,795
2023-08-03 14:30:00+08:00,2308,69090.0,69110.0,69080.0,69100.0,665
2023-08-03 14:45:00+08:00,2308,69100.0,69100.0,69020.0,69020.0,1290
2023-08-03 21:00:00+08:00,2308,69020.0,69100.0,68980.0,69060.0,1160
2023-08-03 21:15:00+08:00,2308,69050.0,69180.0,69050.0,69100.0,435
2023-08-03 21:30:00+08:00,2308,69060.0,69130.0,69050.0,69100.0,260
2023-08-03 21:45:00+08:00,2308,69090.0,69120.0,69050.0,69100.0,300
2023-08-03 22:00:00+08:00,2308,69120.0,69190.0,69100.0,69150.0,585
2023-08-03 22:15:00+08:00,2308,69130.0,69130.0,69070.0,69120.0,235
2023-08-03 22:30:00+08:00,2308,69150.0,69260.0,69150.0,69230.0,235
2023-08-03 22:45:00+08:00,2308,69230.0,69240.0,69190.0,69240.0,225
2023-08-03 23:00:00+08:00,2308,69280.0,69350.0,69280.0,69350.0,165
2023-08-03 23:15:00+08:00,2308,69400.0,69460.0,69390.0,69460.0,230
2023-08-03 23:30:00+08:00,2308,69430.0,69460.0,69410.0,69410.0,25
2023-08-03 23:45:00+08:00,2308,69430.0,69430.0,69430.0,69430.0,5
2023-08-04 00:00:00+08:00,2308,69420.0,69420.0,69420.0,69420.0,25
2023-08-04 00:45:00+08:00,2308,69500.0,69530.0,69460.0,69460.0,45
2023-08-04 09:00:00+08:00,2308,69580.0,69790.0,69580.0,69720.0,950
2023-08-04 09:15:00+08:00,2308,69700.0,69730.0,69680.0,69710.0,870
2023-08-04 09:30:00+08:00,2308,69730.0,69750.0,69710.0,69720.0,655
2023-08-04 09:45:00+08:00,2308,69730.0,69730.0,69670.0,69700.0,810
2023-08-04 10:00:00+08:00,2308,69710.0,69730.0,69560.0,69630.0,980
2023-08-04 10:30:00+08:00,2308,69610.0,69610.0,69500.0,69540.0,1600
2023-08-04 10:45:00+08:00,2308,69550.0,69570.0,69510.0,69540.0,1715
2023-08-04 11:00:00+08:00,2308,69530.0,69590.0,69510.0,69580.0,920
2023-08-04 11:15:00+08:00,2308,69560.0,69580.0,69490.0,69510.0,935
2023-08-04 13:30:00+08:00,2308,69540.0,69610.0,69530.0,69590.0,850
2023-08-04 13:45:00+08:00,2308,69600.0,69630.0,69590.0,69610.0,575
2023-08-04 14:00:00+08:00,2308,69620.0,69640.0,69530.0,69540.0,910
2023-08-04 14:15:00+08:00,2308,69540.0,69570.0,69510.0,69520.0,1345
2023-08-04 14:30:00+08:00,2308,69520.0,69580.0,69480.0,69560.0,720
2023-08-04 14:45:00+08:00,2308,69560.0,69600.0,69490.0,69490.0,590
2023-08-04 21:00:00+08:00,2308,69190.0,69240.0,69050.0,69070.0,1990
2023-08-04 21:15:00+08:00,2308,69070.0,69070.0,68980.0,69010.0,1185
2023-08-04 21:30:00+08:00,2308,69010.0,69070.0,69010.0,69070.0,715
2023-08-04 21:45:00+08:00,2308,69070.0,69110.0,69020.0,69020.0,490
2023-08-04 22:00:00+08:00,2308,69020.0,69060.0,68990.0,69050.0,575
2023-08-04 22:15:00+08:00,2308,69080.0,69100.0,69060.0,69060.0,95
2023-08-04 22:30:00+08:00,2308,69120.0,69120.0,69050.0,69050.0,90
2023-08-04 22:45:00+08:00,2308,69050.0,69150.0,69050.0,69130.0,165
2023-08-04 23:00:00+08:00,2308,69140.0,69160.0,69120.0,69160.0,120
2023-08-04 23:15:00+08:00,2308,69160.0,69240.0,69160.0,69240.0,75
2023-08-04 23:30:00+08:00,2308,69250.0,69250.0,69240.0,69240.0,15
2023-08-05 00:00:00+08:00,2308,69330.0,69330.0,69290.0,69290.0,15
2023-08-05 00:15:00+08:00,2308,69280.0,69280.0,69280.0,69280.0,20
2023-08-05 00:45:00+08:00,2308,69230.0,69230.0,69230.0,69230.0,5
2023-08-07 09:00:00+08:00,2308,69180.0,69210.0,69070.0,69110.0,905
2023-08-07 09:15:00+08:00,2308,69130.0,69150.0,69080.0,69090.0,655
2023-08-07 09:30:00+08:00,2308,69080.0,69110.0,69070.0,69110.0,1240
2023-08-07 09:45:00+08:00,2308,69100.0,69190.0,69090.0,69180.0,1540
2023-08-07 10:00:00+08:00,2308,69170.0,69190.0,69110.0,69120.0,1120
2023-08-07 10:30:00+08:00,2308,69110.0,69150.0,69100.0,69130.0,1370
2023-08-07 10:45:00+08:00,2308,69140.0,69150.0,69100.0,69120.0,1865
2023-08-07 11:00:00+08:00,2308,69120.0,69120.0,69100.0,69120.0,1065
2023-08-07 11:15:00+08:00,2308,69130.0,69130.0,69100.0,69120.0,680
2023-08-07 13:30:00+08:00,2308,69090.0,69090.0,69030.0,69050.0,1595
2023-08-07 13:45:00+08:00,2308,69050.0,69080.0,69000.0,69020.0,1440
2023-08-07 14:00:00+08:00,2308,69010.0,69080.0,69010.0,69080.0,435
2023-08-07 14:15:00+08:00,2308,69090.0,69110.0,69050.0,69050.0,700
2023-08-07 14:30:00+08:00,2308,69050.0,69140.0,69050.0,69130.0,1885
2023-08-07 14:45:00+08:00,2308,69130.0,69180.0,69120.0,69150.0,1060
2023-08-07 21:00:00+08:00,2308,69280.0,69360.0,69260.0,69300.0,585
2023-08-07 21:15:00+08:00,2308,69310.0,69330.0,69280.0,69330.0,305
2023-08-07 21:30:00+08:00,2308,69290.0,69290.0,69150.0,69160.0,175
2023-08-07 21:45:00+08:00,2308,69150.0,69150.0,69070.0,69080.0,240
2023-08-07 22:00:00+08:00,2308,69080.0,69100.0,69040.0,69060.0,455
2023-08-07 22:15:00+08:00,2308,69050.0,69070.0,69040.0,69070.0,380
2023-08-07 22:30:00+08:00,2308,69070.0,69070.0,69030.0,69040.0,655
2023-08-07 22:45:00+08:00,2308,69040.0,69050.0,68920.0,69000.0,1705
2023-08-07 23:00:00+08:00,2308,69000.0,69000.0,68950.0,68960.0,250
2023-08-07 23:15:00+08:00,2308,68950.0,68970.0,68900.0,68900.0,215
2023-08-07 23:30:00+08:00,2308,68900.0,68940.0,68900.0,68940.0,150
2023-08-07 23:45:00+08:00,2308,68930.0,68930.0,68900.0,68910.0,510
2023-08-08 00:00:00+08:00,2308,68890.0,68910.0,68880.0,68890.0,125
2023-08-08 00:15:00+08:00,2308,68900.0,68910.0,68900.0,68910.0,55
2023-08-08 00:30:00+08:00,2308,68930.0,68930.0,68930.0,68930.0,5
2023-08-08 00:45:00+08:00,2308,68980.0,68980.0,68930.0,68930.0,20
2023-08-08 09:00:00+08:00,2308,68910.0,69100.0,68910.0,69100.0,1005
2023-08-08 09:15:00+08:00,2308,69100.0,69100.0,68980.0,69020.0,1135
2023-08-08 09:30:00+08:00,2308,69020.0,69090.0,69000.0,69070.0,885
2023-08-08 09:45:00+08:00,2308,69070.0,69080.0,68960.0,68970.0,1235
2023-08-08 10:00:00+08:00,2308,68970.0,69030.0,68950.0,69020.0,1535
2023-08-08 10:30:00+08:00,2308,69000.0,69080.0,68990.0,69080.0,1995
2023-08-08 10:45:00+08:00,2308,69080.0,69090.0,69050.0,69080.0,1405
2023-08-08 11:00:00+08:00,2308,69070.0,69140.0,69060.0,69130.0,1285
2023-08-08 11:15:00+08:00,2308,69120.0,69130.0,69090.0,69110.0,1255
2023-08-08 13:30:00+08:00,2308,69110.0,69110.0,69030.0,69040.0,1415
2023-08-08 13:45:00+08:00,2308,69050.0,69060.0,68980.0,68990.0,1660
2023-08-08 14:00:00+08:00,2308,69000.0,69010.0,68940.0,68970.0,1500
2023-08-08 14:15:00+08:00,2308,68970.0,68990.0,68930.0,68940.0,1045
2023-08-08 14:30:00+08:00,2308,68940.0,69020.0,68940.0,69000.0,580
2023-08-08 14:45:00+08:00,2308,69000.0,69010.0,68900.0,68900.0,1665
2023-08-08 21:00:00+08:00,2308,68390.0,68390.0,67960.0,68310.0,5305
2023-08-08 21:15:00+08:00,2308,68310.0,68310.0,68210.0,68210.0,1800
2023-08-08 21:30:00+08:00,2308,68210.0,68210.0,68150.0,68190.0,1800
2023-08-08 21:45:00+08:00,2308,68180.0,68260.0,68160.0,68220.0,645
2023-08-08 22:00:00+08:00,2308,68230.0,68270.0,68200.0,68270.0,500
2023-08-08 22:15:00+08:00,2308,68260.0,68290.0,68210.0,68290.0,350
2023-08-08 22:30:00+08:00,2308,68300.0,68390.0,68290.0,68390.0,365
2023-08-08 22:45:00+08:00,2308,68390.0,68400.0,68370.0,68380.0,150
2023-08-08 23:00:00+08:00,2308,68370.0,68390.0,68330.0,68390.0,50
2023-08-08 23:15:00+08:00,2308,68380.0,68410.0,68330.0,68350.0,75
2023-08-08 23:30:00+08:00,2308,68340.0,68340.0,68300.0,68300.0,125
2023-08-08 23:45:00+08:00,2308,68330.0,68330.0,68260.0,68290.0,80
2023-08-09 00:00:00+08:00,2308,68290.0,68340.0,68290.0,68330.0,55
2023-08-09 00:15:00+08:00,2308,68350.0,68350.0,68350.0,68350.0,10
2023-08-09 00:45:00+08:00,2308,68330.0,68360.0,68330.0,68360.0,20
2023-08-09 09:00:00+08:00,2308,68380.0,68530.0,68380.0,68480.0,1810
2023-08-09 09:15:00+08:00,2308,68480.0,68510.0,68450.0,68470.0,2080
2023-08-09 09:30:00+08:00,2308,68450.0,68550.0,68450.0,68550.0,1075
2023-08-09 09:45:00+08:00,2308,68550.0,68610.0,68520.0,68530.0,1105
2023-08-09 10:00:00+08:00,2308,68530.0,68590.0,68520.0,68580.0,1260
2023-08-09 10:30:00+08:00,2308,68590.0,68620.0,68580.0,68620.0,1605
2023-08-09 10:45:00+08:00,2308,68610.0,68650.0,68580.0,68650.0,1150
2023-08-09 11:00:00+08:00,2308,68650.0,68650.0,68610.0,68620.0,1220
2023-08-09 11:15:00+08:00,2308,68620.0,68630.0,68610.0,68610.0,910
2023-08-09 13:30:00+08:00,2308,68630.0,68690.0,68590.0,68600.0,1040
2023-08-09 13:45:00+08:00,2308,68610.0,68660.0,68600.0,68600.0,960
2023-08-09 14:00:00+08:00,2308,68590.0,68650.0,68590.0,68650.0,345
2023-08-09 14:15:00+08:00,2308,68660.0,68750.0,68640.0,68740.0,640
2023-08-09 14:30:00+08:00,2308,68730.0,68820.0,68730.0,68820.0,640
2023-08-09 14:45:00+08:00,2308,68820.0,68850.0,68740.0,68740.0,1110
2023-08-09 21:00:00+08:00,2308,68740.0,68740.0,68590.0,68650.0,205
2023-08-09 21:15:00+08:00,2308,68640.0,68660.0,68610.0,68620.0,125
2023-08-09 21:30:00+08:00,2308,68660.0,68750.0,68600.0,68730.0,500
2023-08-09 21:45:00+08:00,2308,68720.0,68720.0,68650.0,68690.0,100
2023-08-09 22:00:00+08:00,2308,68700.0,68800.0,68690.0,68710.0,195
2023-08-09 22:15:00+08:00,2308,68740.0,68760.0,68710.0,68710.0,75
2023-08-09 22:30:00+08:00,2308,68710.0,68790.0,68710.0,68770.0,45
2023-08-09 22:45:00+08:00,2308,68760.0,68870.0,68700.0,68710.0,330
2023-08-09 23:00:00+08:00,2308,68700.0,68700.0,68680.0,68680.0,70
2023-08-09 23:15:00+08:00,2308,68650.0,68650.0,68560.0,68580.0,530
2023-08-09 23:30:00+08:00,2308,68580.0,68590.0,68560.0,68570.0,185
2023-08-09 23:45:00+08:00,2308,68560.0,68560.0,68520.0,68520.0,205
2023-08-10 00:00:00+08:00,2308,68550.0,68550.0,68530.0,68530.0,55
2023-08-10 00:15:00+08:00,2308,68520.0,68520.0,68520.0,68520.0,20
2023-08-10 00:30:00+08:00,2308,68550.0,68550.0,68550.0,68550.0,5
2023-08-10 00:45:00+08:00,2308,68520.0,68550.0,68520.0,68540.0,35
2023-08-10 09:00:00+08:00,2308,68630.0,68660.0,68540.0,68600.0,715
2023-08-10 09:15:00+08:00,2308,68590.0,68620.0,68530.0,68550.0,1120
2023-08-10 09:30:00+08:00,2308,68570.0,68600.0,68520.0,68550.0,1225
2023-08-10 09:45:00+08:00,2308,68570.0,68580.0,68510.0,68520.0,1075
2023-08-10 10:00:00+08:00,2308,68520.0,68580.0,68500.0,68560.0,930
2023-08-10 10:30:00+08:00,2308,68580.0,68600.0,68540.0,68550.0,1315
2023-08-10 10:45:00+08:00,2308,68550.0,68570.0,68540.0,68540.0,1135
2023-08-10 11:00:00+08:00,2308,68540.0,68560.0,68530.0,68560.0,795
2023-08-10 11:15:00+08:00,2308,68560.0,68570.0,68550.0,68560.0,400
2023-08-10 13:30:00+08:00,2308,68580.0,68620.0,68550.0,68610.0,1315
2023-08-10 13:45:00+08:00,2308,68610.0,68630.0,68610.0,68630.0,975
2023-08-10 14:00:00+08:00,2308,68620.0,68650.0,68600.0,68640.0,1620
2023-08-10 14:15:00+08:00,2308,68640.0,68690.0,68640.0,68690.0,505
2023-08-10 14:30:00+08:00,2308,68700.0,68720.0,68660.0,68710.0,685
2023-08-10 14:45:00+08:00,2308,68710.0,68750.0,68670.0,68750.0,1135
2023-08-10 21:00:00+08:00,2308,68790.0,68950.0,68790.0,68880.0,555
2023-08-10 21:15:00+08:00,2308,68880.0,68920.0,68780.0,68780.0,220
2023-08-10 21:30:00+08:00,2308,68790.0,68880.0,68780.0,68870.0,395
2023-08-10 21:45:00+08:00,2308,68860.0,68930.0,68810.0,68810.0,125
2023-08-10 22:00:00+08:00,2308,68830.0,68830.0,68690.0,68730.0,195
2023-08-10 22:15:00+08:00,2308,68700.0,68930.0,68700.0,68930.0,310
2023-08-10 22:30:00+08:00,2308,68850.0,68860.0,68530.0,68530.0,665
2023-08-10 22:45:00+08:00,2308,68520.0,68590.0,68500.0,68590.0,290
2023-08-10 23:00:00+08:00,2308,68600.0,68600.0,68530.0,68550.0,120
2023-08-10 23:15:00+08:00,2308,68560.0,68560.0,68560.0,68560.0,5
2023-08-10 23:30:00+08:00,2308,68610.0,68610.0,68610.0,68610.0,15
2023-08-10 23:45:00+08:00,2308,68560.0,68560.0,68560.0,68560.0,10
2023-08-11 00:00:00+08:00,2308,68550.0,68550.0,68530.0,68530.0,25
2023-08-11 00:15:00+08:00,2308,68530.0,68530.0,68530.0,68530.0,10
2023-08-11 00:30:00+08:00,2308,68560.0,68560.0,68560.0,68560.0,5
2023-08-11 00:45:00+08:00,2308,68530.0,68530.0,68530.0,68530.0,15
2023-08-11 09:00:00+08:00,2308,68550.0,68590.0,68540.0,68570.0,770
2023-08-11 09:15:00+08:00,2308,68570.0,68600.0,68550.0,68550.0,990
2023-08-11 09:30:00+08:00,2308,68550.0,68560.0,68530.0,68540.0,795
2023-08-11 09:45:00+08:00,2308,68540.0,68580.0,68540.0,68550.0,775
2023-08-11 10:00:00+08:00,2308,68540.0,68560.0,68530.0,68560.0,705
2023-08-11 10:30:00+08:00,2308,68550.0,68550.0,68510.0,68520.0,1550
2023-08-11 10:45:00+08:00,2308,68510.0,68530.0,68420.0,68430.0,1715
2023-08-11 11:00:00+08:00,2308,68440.0,68480.0,68440.0,68470.0,860
2023-08-11 11:15:00+08:00,2308,68460.0,68480.0,68450.0,68480.0,850
2023-08-11 13:30:00+08:00,2308,68410.0,68470.0,68390.0,68400.0,1520
2023-08-11 13:45:00+08:00,2308,68390.0,68400.0,68360.0,68360.0,685
2023-08-11 14:00:00+08:00,2308,68370.0,68410.0,68360.0,68400.0,505
2023-08-11 14:15:00+08:00,2308,68390.0,68450.0,68390.0,68440.0,285
2023-08-11 14:30:00+08:00,2308,68450.0,68450.0,68390.0,68400.0,520
2023-08-11 14:45:00+08:00,2308,68410.0,68440.0,68350.0,68350.0,945
2023-08-11 21:00:00+08:00,2308,68050.0,72630.0,68050.0,68060.0,1140
2023-08-11 21:15:00+08:00,2308,68100.0,68180.0,68090.0,68140.0,310
2023-08-11 21:30:00+08:00,2308,68140.0,68150.0,68120.0,68120.0,120
2023-08-11 21:45:00+08:00,2308,68110.0,68140.0,68070.0,68080.0,540
2023-08-11 22:00:00+08:00,2308,68090.0,68140.0,68090.0,68140.0,235
2023-08-11 22:15:00+08:00,2308,68140.0,68230.0,68140.0,68230.0,315
2023-08-11 22:30:00+08:00,2308,68230.0,68270.0,68200.0,68270.0,50
2023-08-11 22:45:00+08:00,2308,68250.0,68280.0,68210.0,68210.0,140
2023-08-11 23:00:00+08:00,2308,68230.0,68230.0,68210.0,68220.0,90
2023-08-11 23:15:00+08:00,2308,68210.0,68220.0,68210.0,68210.0,20
2023-08-11 23:30:00+08:00,2308,68200.0,68200.0,68170.0,68170.0,20
2023-08-11 23:45:00+08:00,2308,68150.0,68150.0,68140.0,68140.0,10
2023-08-14 09:00:00+08:00,2308,68160.0,68240.0,68050.0,68220.0,870
2023-08-14 09:15:00+08:00,2308,68220.0,68220.0,68130.0,68150.0,550
2023-08-14 09:30:00+08:00,2308,68150.0,68190.0,68030.0,68080.0,1030
2023-08-14 09:45:00+08:00,2308,68090.0,68130.0,68050.0,68060.0,630
2023-08-14 10:00:00+08:00,2308,68050.0,68100.0,68050.0,68090.0,1055
2023-08-14 10:30:00+08:00,2308,68080.0,68080.0,68060.0,68080.0,1100
2023-08-14 10:45:00+08:00,2308,68080.0,68080.0,68000.0,68010.0,955
2023-08-14 11:00:00+08:00,2308,68010.0,68030.0,67970.0,68020.0,1245
2023-08-14 11:15:00+08:00,2308,68030.0,68050.0,68020.0,68030.0,670
2023-08-14 13:30:00+08:00,2308,68040.0,68120.0,68040.0,68120.0,690
2023-08-14 13:45:00+08:00,2308,68120.0,68140.0,68110.0,68130.0,860
2023-08-14 14:00:00+08:00,2308,68120.0,68120.0,68050.0,68070.0,490
2023-08-14 14:15:00+08:00,2308,68070.0,68080.0,68050.0,68070.0,295
2023-08-14 14:30:00+08:00,2308,68080.0,68090.0,68050.0,68080.0,525
2023-08-14 14:45:00+08:00,2308,68060.0,68080.0,68010.0,68040.0,435
2023-08-14 21:00:00+08:00,2308,68060.0,68240.0,68060.0,68180.0,330
2023-08-14 21:15:00+08:00,2308,68250.0,68250.0,68180.0,68180.0,20
2023-08-14 21:30:00+08:00,2308,68180.0,68180.0,68140.0,68140.0,75
2023-08-14 21:45:00+08:00,2308,68080.0,68080.0,68080.0,68080.0,25
2023-08-14 22:00:00+08:00,2308,68100.0,68100.0,68080.0,68100.0,30
2023-08-14 22:15:00+08:00,2308,68150.0,68280.0,68150.0,68280.0,125
2023-08-14 22:30:00+08:00,2308,68270.0,68270.0,68250.0,68250.0,10
2023-08-15 09:00:00+08:00,2308,68250.0,68260.0,68190.0,68240.0,475
2023-08-15 09:15:00+08:00,2308,68230.0,68470.0,68210.0,68360.0,290
2023-08-15 09:30:00+08:00,2308,68370.0,68370.0,68230.0,68320.0,430
2023-08-15 09:45:00+08:00,2308,68310.0,68460.0,68310.0,68450.0,410
2023-08-15 10:00:00+08:00,2308,68430.0,68430.0,68330.0,68330.0,225
2023-08-15 10:30:00+08:00,2308,68340.0,68400.0,68320.0,68400.0,140
2023-08-15 10:45:00+08:00,2308,68410.0,68410.0,68370.0,68400.0,425
2023-08-15 11:00:00+08:00,2308,68380.0,68400.0,68380.0,68400.0,155
2023-08-15 11:15:00+08:00,2308,68400.0,68420.0,68390.0,68420.0,190
2023-08-15 13:30:00+08:00,2308,68420.0,68450.0,68410.0,68420.0,365
2023-08-15 13:45:00+08:00,2308,68450.0,68700.0,68450.0,68700.0,515
2023-08-15 14:00:00+08:00,2308,68700.0,68700.0,68680.0,68680.0,20
2023-08-15 14:30:00+08:00,2308,68810.0,68820.0,68750.0,68750.0,25
2023-08-15 14:45:00+08:00,2308,68720.0,68720.0,68700.0,68700.0,40
